region,direction,layout,size,renovation,garden,year,floor,district,price,danjia
东城, 南 北 , 2室1厅 , 58.53, 简装,小黄庄二区 ,1994,6,安贞,575,98241.0
东城, 东 西 北 , 2室1厅 , 65.35, 简装,民旺园 ,1993,16,和平里,719,110023.0
东城, 南 北 , 2室1厅 , 129.41, 精装,冠城名敦道 ,2009,17,广渠门,1290,99684.0
东城, 东南 , 3室1厅 , 79.02, 精装,东花市北里西区 ,1995,6,东花市,715,90484.0
东城, 东南 , 3室2厅 , 129.37, 简装,花市枣苑三期 ,2005,18,东花市,1380,106671.0
东城, 东南 , 3室1厅 , 146.77, 精装,丽水湾畔家园 ,2002,21,广渠门,1245,84827.0
东城, 南 , 3室1厅 , 76.17, 简装,富贵园三区 ,2002,18,东花市,780,102403.0
东城, 西北 , 2室1厅 , 94.07, 精装,花市枣苑三期 ,2005,17,东花市,962,102265.0
东城, 东 北 , 3室1厅 , 99.72, 简装,本家润园三期 ,2005,18,东花市,920,92259.0
东城, 南 , 2室1厅 , 84.46, 简装,城市亮点 ,2003,12,永定门,635,75184.0
东城, 西南 , 1室1厅 , 83.36, 简装,冠城名敦道 ,2010,23,广渠门,575,68978.0
东城, 南 , 3室1厅 , 107.84, 简装,景泰西里西区 ,2005,9,永定门,688,63799.0
东城, 西南 东北 , 2室1厅 , 97.46, 精装,左安漪园 ,2004,17,左安门,766,78597.0
东城, 南 , 2室1厅 , 66.77, 精装,和平里六区 ,1993,18,和平里,786,117718.0
东城, 南 , 1室1厅 , 59.33, 简装,新景家园东区 ,2004,17,崇文门,620,104501.0
东城, 南 北 , 2室1厅 , 63.81, 简装,小黄庄一区 ,1991,21,安贞,628,98418.0
东城, 东 , 2室1厅 , 68.41, 精装,金世纪嘉园 ,2004,21,广渠门,560,81860.0
东城, 东南 , 2室1厅 , 95.19, 精装,建予园 ,2001,16,永定门,635,66709.0
东城, 西 , 1室1厅 , 56.65, 简装,竹杆胡同 ,2003,9,朝阳门内,559,98677.0
东城, 南 西 , 3室2厅 , 155.56, 精装,左安漪园 ,2004,17,左安门,1150,73927.0
东城, 东 , 2室1厅 , 63.75, 精装,本家润园三期 ,2005,18,东花市,585,91765.0
东城, 南 , 1室1厅 , 56.99, 简装,东环居苑 ,2004,18,广渠门,530,92999.0
东城, 东 , 2室1厅 , 78.19, 精装,兴隆都市馨园 ,2003,7,崇文门,780,99758.0
东城, 南 北 , 2室1厅 , 102.57, 精装,和平新城一期 ,2003,19,和平里,1120,109194.0
东城, 南 北 , 2室1厅 , 46.64, 精装,北新桥三条 ,1985,6,东直门,525,112565.0
东城, 东 , 1室1厅 , 50.1, 精装,广渠家园 ,2009,28,广渠门,458,91418.0
东城, 南 北 , 2室1厅 , 65.55, 精装,郭庄北里 ,1995,6,永定门,480,73227.0
东城, 南 东 , 1室1厅 , 39.25, 简装,长青园 ,1989,6,左安门,385,98090.0
东城, 南 北 , 2室1厅 , 70.84, 精装,新景家园西区 ,2004,6,崇文门,750,105873.0
东城, 东 , 2室1厅 , 121.68, 简装,金桥国际 ,2004,19,广渠门,820,67390.0
东城, 南 , 1室1厅 , 53.19, 简装,兴隆都市馨园 ,2003,7,崇文门,549,103215.0
东城, 北 , 1室1厅 , 81.93, 精装,瑞士公寓 ,2007,14,朝阳门外,709,86538.0
东城, 南 北 , 2室2厅 , 150.8, 精装,新怡家园 ,2006,13,崇文门,1680,111406.0
东城, 南 北 , 3室2厅 , 179.31, 精装,冠城名敦道 ,2009,27,广渠门,1730,96481.0
东城, 东 西 , 3室1厅 , 88.45, 简装,新景家园东区 ,2005,18,崇文门,870,98361.0
东城, 南 北 , 2室1厅 , 52.35, 精装,台基厂头条2号院 ,1980,5,前门,610,116524.0
东城, 西南 , 2室1厅 , 74.36, 简装,永铁苑 ,2000,22,陶然亭,480,64551.0
东城, 东 西 北 , 3室1厅 , 78.73, 精装,新中西街 ,1990,7,朝阳门外,690,87642.0
东城, 南 北 , 2室1厅 , 128.32, 毛坯,悠胜美苑 ,2011,12,永定门,760,59227.0
东城, 北 , 1室1厅 , 35.76, 简装,绿景苑 ,2002,12,广渠门,405,113256.0
东城, 南 北 , 3室2厅 , 149.25, 精装,富莱茵花园 ,1995,6,永定门,995,66667.0
东城, 东北 , 2室1厅 , 106.9, 精装,三秀涵雅 ,2000,18,安定门,928,86811.0
东城, 南 , 1室1厅 , 56.84, 精装,国瑞城东区 ,2006,16,崇文门,598,105208.0
东城, 南 北 , 2室1厅 , 61.19, 精装,交林 ,1985,6,和平里,696,113745.0
东城, 南 , 1室1厅 , 58.63, 简装,国瑞城中区 ,2006,16,崇文门,575,98073.0
东城, 东 , 1室1厅 , 52.13, 简装,国瑞城中区 ,2006,16,崇文门,490,93996.0
东城, 东 西 , 1室1厅 , 69.12, 精装,本家润园一期 ,2005,11,东花市,680,98380.0
东城, 南 北 , 2室1厅 , 67.85, 简装,南弓匠营胡同 ,2003,6,朝阳门内,880,129698.0
东城, 东南 , 1室1厅 , 36.94, 简装,革新南路2号院 ,1980,21,永定门,300,81213.0
东城, 西 , 2室1厅 , 79.67, 简装,朝阳门南小街 ,2004,9,朝阳门内,749,94013.0
东城, 南 , 1室1厅 , 56.22, 精装,富贵园三区 ,2002,18,东花市,575,102277.0
东城, 南 北 , 2室1厅 , 72.25, 简装,金鱼池中区 ,2002,7,天坛,658,91073.0
东城, 西 , 1室1厅 , 61.03, 毛坯,金桥国际 ,2004,19,广渠门,490,80289.0
东城, 东南 , 2室1厅 , 86.07, 简装,望陶园小区 ,2002,18,永定门,608,70641.0
东城, 南 , 1室1厅 , 37.64, 简装,青年湖东里 ,1980,5,安定门,436,115835.0
东城, 西南 , 2室1厅 , 74.04, 简装,新景家园西区 ,2004,16,崇文门,823,111157.0
东城, 东 西 南 , 3室1厅 , 83.61, 精装,海运仓小区 ,2002,7,东直门,906,108361.0
东城, 南 , 1室1厅 , 42.28, 简装,东直门北大街 ,1994,18,东直门,430,101703.0
东城, 南 北 , 1室1厅 , 56.18, 精装,兴隆都市馨园 ,2003,6,崇文门,590,105020.0
东城, 东 , 1室1厅 , 40.81, 精装,宝珠子胡同 ,1990,7,建国门内,455,111493.0
东城, 南 北 , 2室1厅 , 77.66, 精装,东直门内大街 ,2003,14,东直门,750,96575.0
东城, 北 , 1室1厅 , 48.54, 简装,富贵园二区 ,2003,18,东花市,530,109189.0
东城, 东 西 , 2室1厅 , 54.29, 简装,西草市东街甲34号院 ,1980,6,天坛,430,79205.0
东城, 南 北 , 3室1厅 , 72.74, 简装,东花市北里中区 ,1994,6,东花市,730,100358.0
东城, 东 西 , 3室2厅 , 148.97, 精装,胜古中路1号院 ,1998,14,安贞,885,59408.0
东城, 南 西 北 , 3室1厅 , 100.88, 精装,交道口东大街 ,2003,12,交道口,1300,128866.0
东城, 南 , 2室1厅 , 106, 精装,西革新里112号院 ,2001,19,永定门,655,61793.0
东城, 南 , 2室1厅 , 91.78, 简装,左安浦园 ,2004,18,左安门,712,77577.0
东城, 南 北 , 2室1厅 , 84.57, 精装,湖景苑 ,2000,10,安定门,890,105239.0
东城, 东 , 2室1厅 , 49.14, 简装,东交民巷32号院 ,1979,13,前门,510,103786.0
东城, 北 , 1室0厅 , 62.22, 精装,领行国际 ,2005,21,广渠门,465,74735.0
东城, 南 北 , 2室1厅 , 66.42, 简装,青年湖东里 ,1992,6,安定门,610,91840.0
东城, 南 , 1室1厅 , 59.18, 精装,新景家园西区 ,2004,14,崇文门,625,105611.0
东城, 南 北 , 3室1厅 , 114.52, 简装,左安浦园 ,2004,16,左安门,799,69770.0
东城, 东 , 1室1厅 , 36.55, 简装,化工大院 ,1988,5,和平里,450,123120.0
东城, 东南 , 1室1厅 , 51.24, 精装,上龙西里 ,1988,18,安定门,530,103435.0
东城, 东 西 , 2室2厅 , 90.38, 简装,东直门内北小街16号 ,2003,10,东直门,830,91835.0
东城, 东 南 , 1室1厅 , 50.01, 简装,永康胡同1号院 ,2002,7,安定门,599,119777.0
东城, 东 西 , 1室1厅 , 58.9, 简装,远洋德邑 ,2003,13,广渠门,530,89984.0
东城, 西南 , 3室2厅 , 133.06, 精装,北京上舍 ,2008,15,广渠门,1390,104465.0
东城, 南 , 2室1厅 , 115.56, 简装,新景家园东区 ,2008,15,崇文门,1100,95189.0
东城, 南 , 2室1厅 , 93.37, 精装,新裕家园 ,2004,15,崇文门,1150,123166.0
东城, 南 北 , 2室1厅 , 64.98, 简装,东直门内大街 ,2003,12,东直门,665,102340.0
东城, 南 北 , 3室1厅 , 78.34, 精装,光明楼 ,1975,4,广渠门,660,84249.0
东城, 南 北 , 2室1厅 , 54.44, 精装,景泰西里 ,1983,6,永定门,415,76231.0
东城, 东 西 , 2室1厅 , 47.32, 精装,花市东三条 ,1987,6,东花市,470,99324.0
东城, 南 北 , 2室1厅 , 64.5, 精装,海运仓小区 ,2003,9,东直门,685,106202.0
东城, 南 , 3室1厅 , 89.39, 简装,东直门南大街 ,1990,18,东直门,785,87818.0
东城, 西 , 2室1厅 , 84.48, 简装,鼎盛园 ,2005,11,永定门,550,65105.0
东城, 南 , 2室1厅 , 71.85, 毛坯,东直门北大街 ,1990,16,东直门,585,81420.0
东城, 南 北 , 2室1厅 , 55.66, 精装,察慈小区 ,1992,12,东直门,545,97916.0
东城, 北 , 1室1厅 , 37.61, 精装,兴隆都市馨园 ,2004,7,崇文门,380,101037.0
东城, 南 北 , 3室1厅 , 91.96, 简装,南竹杆胡同 ,2003,16,朝阳门内,939,102110.0
东城, 南 北 , 2室1厅 , 59.3, 精装,龙潭北里五条 ,1963,5,左安门,519,87522.0
东城, 西北 , 2室1厅 , 74.54, 精装,国瑞城中区 ,2006,16,崇文门,716,96056.0
东城, 东南 , 2室1厅 , 95.11, 简装,建予园 ,2001,16,永定门,620,65188.0
东城, 北 , 1室1厅 , 56.41, 精装,景泰西里西区 ,2005,11,永定门,420,74455.0
东城, 东 , 1室1厅 , 37.35, 简装,安德路55号院 ,1986,6,安定门,435,116466.0
东城, 西北 , 2室1厅 , 105.89, 精装,国瑞城西区 ,2009,16,崇文门,1015,95855.0
东城, 西 , 1室1厅 , 39.93, 精装,东直门南大街 ,1991,18,东直门,425,106437.0
东城, 东北 , 2室1厅 , 106.48, 精装,阳光都市 ,2001,25,工体,1098,103118.0
东城, 西 , 1室1厅 , 42.67, 简装,新奥洋房 ,2005,9,永定门,370,86712.0
东城, 南 北 , 2室1厅 , 64.34, 精装,安德路55号院 ,1977,4,安定门,530,82375.0
东城, 南 北 , 2室1厅 , 47.92, 简装,帽儿胡同45号院 ,1985,5,地安门,715,149208.0
东城, 南 北 , 3室2厅 , 138.38, 精装,新景家园西区 ,2013,9,崇文门,1400,101171.0
东城, 西 , 1室1厅 , 48.92, 精装,金鱼池西区 ,2002,7,天坛,426,87081.0
东城, 西北 , 4室1厅 , 155.65, 精装,京禧阁 ,2013,22,广渠门,1130,72599.0
东城, 南 , 2室1厅 , 85.86, 精装,大方家胡同 ,2003,9,朝阳门内,955,111228.0
东城, 南 , 2室1厅 , 67.1, 精装,东直门外大街(东城） ,1990,14,东直门,575,85693.0
东城, 南 北 , 3室1厅 , 70.66, 毛坯,西青年沟 ,1983,6,安贞,720,101897.0
东城, 南 , 1室1厅 , 48.04, 简装,豆瓣胡同 ,2003,10,朝阳门内,680,141549.0
东城, 西北 , 2室1厅 , 71.87, 简装,南门仓胡同 ,2003,6,朝阳门内,789,109782.0
东城, 南 , 1室1厅 , 60.06, 精装,新景家园东区 ,2005,17,崇文门,610,101566.0
东城, 东 西 , 3室1厅 , 82.68, 精装,香饵胡同 ,2002,6,交道口,1080,130625.0
东城, 北 , 1室1厅 , 74.24, 简装,聚龙花园 ,1996,8,工体,600,80819.0
东城, 东南 , 2室2厅 , 136.84, 简装,富莱茵花园 ,2001,21,永定门,730,53347.0
东城, 西 , 1室0厅 , 44.82, 简装,东方财富 ,2006,15,广渠门,425,94824.0
东城, 南 北 , 2室1厅 , 54.33, 简装,中剪子巷 ,1982,5,交道口,710,130683.0
东城, 西北 , 2室1厅 , 72.91, 精装,天天家园 ,2002,11,永定门,456,62543.0
东城, 西 , 2室1厅 , 94.05, 精装,海晟名苑南区 ,2004,17,工体,1190,126529.0
东城, 南 北 , 2室1厅 , 69.06, 精装,土儿胡同 ,2003,6,交道口,870,125978.0
东城, 西北 , 2室1厅 , 79.82, 简装,和平里二区 ,2007,20,和平里,760,95215.0
东城, 东南 , 2室1厅 , 70.13, 精装,国瑞城中区 ,2006,16,崇文门,720,102667.0
东城, 南 北 , 2室1厅 , 65.06, 精装,车辇店胡同 ,2001,11,安定门,740,113742.0
东城, 南 , 1室1厅 , 44.17, 毛坯,东厂胡同 ,1987,6,灯市口,470,106408.0
东城, 南 北 , 2室1厅 , 66.87, 简装,前门东大街 ,1979,12,崇文门,583,87185.0
东城, 东 西 , 2室1厅 , 74.56, 简装,民安小区东直门内北小街 ,2003,16,东直门,660,88520.0
东城, 南 北 , 1室1厅 , 42.66, 精装,胡家园小区 ,1989,12,东直门,435,101970.0
东城, 北 , 1室1厅 , 49.36, 简装,左安浦园 ,2004,16,左安门,412,83469.0
东城, 东南 , 2室1厅 , 49.68, 毛坯,景泰西里 ,1986,6,永定门,385,77496.0
东城, 北 , 1室0厅 , 36.31, 精装,西营房 ,2006,17,安定门,410,112917.0
东城, 西 南 北 , 3室1厅 , 88.09, 简装,安定路 ,1995,20,安贞,720,81735.0
东城, 南 西 北 , 3室2厅 , 134.03, 简装,绿景苑 ,2002,18,广渠门,1139.3,85004.0
东城, 南 北 , 2室1厅 , 54.1, 精装,定安里 ,1990,6,永定门,375,69317.0
东城, 西南 南 , 2室1厅 , 76.87, 精装,富贵园二区 ,2003,18,东花市,636,82738.0
东城, 南 , 2室1厅 , 80.89, 简装,新景家园西区 ,2004,18,崇文门,765,94573.0
东城, 南 , 2室1厅 , 70.85, 简装,民安小区东直门内北小街 ,2003,16,东直门,755,106564.0
东城, 北 南 , 3室1厅 , 77.99, 精装,和平里七区 ,1979,3,和平里,780,100013.0
东城, 南 北 , 2室1厅 , 54.95, 精装,安外大街3号院 ,1988,6,安定门,538,97908.0
东城, 南 北 , 2室1厅 , 79.81, 简装,法华南里 ,1990,6,崇文门,715,89588.0
东城, 东北 , 2室1厅 , 90.35, 简装,建予园 ,1999,16,永定门,555,61428.0
东城, 东南 , 2室1厅 , 124.69, 精装,朝阳首府 ,2009,11,朝阳门内,1200,96239.0
东城, 南 北 , 2室1厅 , 74.41, 精装,建国门内大街 ,1996,6,建国门外,798,107244.0
东城, 东南 , 4室2厅 , 232.73, 精装,万国城MOMA ,2002,25,东直门,2260,97109.0
东城, 南 北 , 2室1厅 , 59.88, 简装,前门东大街 ,1979,10,崇文门,515,86006.0
东城, 东南 , 3室2厅 , 148.54, 简装,水上华城 ,2005,23,广渠门,1485,99974.0
东城, 西南 , 3室2厅 , 133.21, 毛坯,领行国际 ,2005,21,广渠门,1050,78823.0
东城, 南 北 , 2室1厅 , 139.62, 精装,雅宝公寓 ,1999,7,建国门内,1420,101705.0
东城, 南 北 , 2室1厅 , 59.01, 简装,安德里北街24号院 ,1983,6,安定门,690,116930.0
东城, 南 北 , 2室1厅 , 69.46, 精装,朝阳门南小街 ,2004,14,朝阳门内,745,107256.0
东城, 南 北 , 3室2厅 , 145.07, 精装,左安漪园 ,2004,17,左安门,1280,88234.0
东城, 南 北 , 2室1厅 , 62.2, 精装,富莱茵花园 ,1995,6,永定门,430,69132.0
东城, 南 北 , 3室1厅 , 80.37, 简装,东四西大街50号院 ,1988,6,灯市口,850,105761.0
东城, 西 , 1室0厅 , 76.63, 简装,冠城名敦道 ,2009,23,广渠门,430,56114.0
东城, 西南 , 2室1厅 , 97.85, 精装,水上华城 ,2004,20,广渠门,930,95044.0
东城, 西 北 , 3室2厅 , 123.93, 简装,左安漪园 ,2004,15,左安门,940,75850.0
东城, 南 北 , 2室2厅 , 91.22, 简装,中海紫御公馆 ,2010,19,陶然亭,1050,115107.0
东城, 东 南 北 , 4室1厅 , 122.18, 简装,小黄庄二区 ,1996,12,安贞,1220,99853.0
东城, 南 , 2室1厅 , 89.47, 简装,新景家园东区 ,2004,17,崇文门,860,96122.0
东城, 南 北 , 2室1厅 , 120.03, 简装,绿景苑 ,1999,14,广渠门,1010,84146.0
东城, 东北 , 2室1厅 , 110.95, 简装,远洋德邑 ,2002,22,广渠门,950,85625.0
东城, 东 西 , 2室1厅 , 88.78, 精装,华龙美晟 ,2009,12,永定门,678,76369.0
东城, 南 北 , 2室1厅 , 65.94, 其他,景泰东里 ,1994,6,蒲黄榆,541,82045.0
东城, 南 , 2室1厅 , 81.62, 精装,北京上舍 ,2008,15,广渠门,610,74737.0
东城, 南 , 2室2厅 , 84.62, 精装,府上嘉园 ,2008,11,安定门,1100,129993.0
东城, 西 , 2室1厅 , 130, 简装,丽水湾畔家园 ,2002,21,广渠门,988,76000.0
东城, 西北 , 2室1厅 , 61.03, 其他,安德里北街25号院 ,1990,17,安定门,671,109946.0
东城, 东 , 2室1厅 , 167.94, 精装,雍和家园二期 ,2005,6,和平里,1295,77111.0
东城, 东 西 , 3室2厅 , 96.98, 精装,竹杆胡同 ,2003,16,朝阳门内,950,97959.0
东城, 西南 , 2室1厅 , 120.38, 精装,朝阳首府 ,2009,15,朝阳门内,1180,98023.0
东城, 西南 , 2室1厅 , 93.43, 精装,花市枣苑三期 ,2005,18,东花市,949,101574.0
东城, 南 , 1室1厅 , 61, 精装,景泰西里西区 ,2005,10,永定门,438,71804.0
东城, 南 北 , 3室2厅 , 166.49, 精装,水上华城 ,2005,23,广渠门,1550,93099.0
东城, 南 北 , 2室1厅 , 50.48, 精装,交道口北二条35号院 ,1988,6,交道口,686,135896.0
东城, 东 , 4室1厅 , 134.03, 简装,建予园 ,1999,16,永定门,828,61778.0
东城, 南 北 , 2室1厅 , 67.38, 其他,北竹杆胡同 ,2003,6,朝阳门内,760,112794.0
东城, 北 南 , 2室1厅 , 57.75, 简装,长青园 ,1990,6,左安门,480,83117.0
东城, 西北 , 3室1厅 , 80.15, 简装,板厂新里 ,1990,18,广渠门,650,81098.0
东城, 东 西 , 2室1厅 , 80.63, 精装,南门仓胡同 ,2003,6,朝阳门内,920,114102.0
东城, 西北 , 2室1厅 , 75.51, 精装,华龙美晟 ,2009,12,永定门,530,70190.0
东城, 东 西 , 2室1厅 , 64.41, 简装,北河沿大街 ,1989,6,灯市口,706,109611.0
东城, 东 南 北 , 3室1厅 , 113.66, 精装,东四十条 ,1990,18,东四,1350,118776.0
东城, 西南 , 3室1厅 , 152.14, 简装,和平新城一期 ,2003,21,和平里,1430,93993.0
东城, 南 北 , 4室2厅 , 212.68, 其他,水上华城 ,2008,24,广渠门,2350,110495.0
东城, 南 北 , 3室1厅 , 103.5, 简装,民旺园十九号院 ,2000,7,和平里,1000,96619.0
东城, 南 北 , 2室1厅 , 82.41, 精装,法华南里 ,1995,6,崇文门,735,89189.0
东城, 南 北 , 3室1厅 , 112.74, 简装,和平里五区 ,2000,6,和平里,1250,110875.0
东城, 南 北 , 3室1厅 , 102.27, 精装,国瑞城中区 ,2006,16,崇文门,935,91425.0
东城, 南 , 1室1厅 , 38.73, 简装,兴隆都市馨园 ,2004,7,崇文门,405,104571.0
东城, 西 , 2室1厅 , 100.02, 精装,府上嘉园 ,2008,11,安定门,1190,118977.0
东城, 南 北 , 2室1厅 , 64.89, 简装,北新仓胡同 ,2003,7,东直门,740,114040.0
东城, 南 , 3室1厅 , 107.84, 精装,景泰西里西区 ,2005,9,永定门,730,67693.0
东城, 西北 , 3室1厅 , 177.19, 精装,贡院九号 ,2000,18,建国门内,1700,95943.0
东城, 东南 , 3室1厅 , 140.48, 简装,东方银座 ,2003,26,东直门,1050,74744.0
东城, 南 北 , 3室2厅 , 149.86, 简装,东中公寓 ,1997,12,东直门,1250,83412.0
东城, 南 西 北 , 3室1厅 , 86.5, 简装,富莱茵花园 ,2000,6,永定门,580,67053.0
东城, 西 , 1室1厅 , 47.72, 其他,东花市北里中区 ,1990,6,东花市,450,94301.0
东城, 南 北 , 3室1厅 , 139.91, 简装,丽水湾畔家园 ,2002,21,广渠门,1030,73619.0
东城, 南 北 , 2室2厅 , 131.79, 精装,海晟名苑南区 ,2004,22,工体,1598,121254.0
东城, 东北 , 2室1厅 , 83.62, 精装,京城仁合 ,2004,16,广渠门,750,89692.0
东城, 南 北 , 2室1厅 , 113.11, 精装,水上华城 ,2005,23,广渠门,1180,104324.0
东城, 南 北 , 2室1厅 , 61.05, 简装,花园胡同8号院 ,1992,5,安定门,680,111385.0
东城, 南 , 2室1厅 , 61.98, 其他,兴化西里 ,1976,4,和平里,600,96806.0
东城, 东 南 , 3室1厅 , 86.59, 简装,车辇店胡同 ,2001,11,安定门,988,114101.0
东城, 东北 , 2室1厅 , 116.52, 精装,新景家园西区 ,2001,12,崇文门,1160,99554.0
东城, 东北 , 2室1厅 , 89.78, 精装,金鱼池中区 ,2002,7,天坛,725,80753.0
东城, 西南 , 2室1厅 , 96.6, 精装,巷上嘉园 ,2005,24,安定门,1040,107661.0
东城, 南 北 , 2室2厅 , 91.98, 精装,中海紫御公馆 ,2010,22,陶然亭,1100,119592.0
东城, 东 西 , 2室1厅 , 74.56, 精装,民安小区东直门内北小街 ,2003,16,东直门,748,100322.0
东城, 东 南 北 , 3室1厅 , 116.4, 简装,兴隆都市馨园 ,2003,6,崇文门,871,74829.0
东城, 南 北 , 2室1厅 , 69.25, 简装,车站路6号院 ,1980,6,陶然亭,460,66426.0
东城, 南 北 , 3室1厅 , 72.47, 其他,和平里七区 ,1986,5,和平里,800,110391.0
东城, 西北 , 2室1厅 , 75.3, 简装,国瑞城中区 ,2006,16,崇文门,680,90306.0
东城, 东 , 2室1厅 , 83.75, 简装,建予园 ,2001,16,永定门,550,65672.0
东城, 南 北 , 2室1厅 , 57.5, 简装,北官厅胡同甲二号院 ,1993,6,东直门,625,108696.0
东城, 东 , 2室1厅 , 93.13, 简装,冠城名敦道 ,2009,23,广渠门,550,59058.0
东城, 南 , 2室1厅 , 70.83, 简装,民安小区东扬威街 ,2002,12,东直门,760,107300.0
东城, 南 北 , 4室3厅 , 181.91, 精装,东花市北里西区 ,1996,6,东花市,1560,85757.0
东城, 东 西 , 2室2厅 , 117.06, 简装,本家润园一期 ,2005,12,东花市,1250,106783.0
东城, 东 西 , 2室1厅 , 59.78, 简装,和平里七区 ,1979,4,和平里,579,96856.0
东城, 东 西 , 4室2厅 , 221.46, 简装,胜古中路1号院 ,1998,14,安贞,1260,56896.0
东城, 南 北 , 1室1厅 , 51.09, 简装,大方家胡同 ,2003,6,朝阳门内,569,111373.0
东城, 南 , 1室1厅 , 38.5, 精装,地坛北里 ,1990,5,和平里,488,126754.0
东城, 东南 , 1室1厅 , 83.24, 精装,冠城名敦道 ,2009,23,广渠门,590,70880.0
东城, 南 , 1室1厅 , 107.22, 精装,太华公寓 ,2000,17,崇文门,750,69950.0
东城, 西 , 1室1厅 , 46.24, 其他,禾风相府 ,2004,14,金宝街,600,129758.0
东城, 东 西 , 3室1厅 , 90.63, 精装,新景家园东区 ,2004,16,崇文门,950,104822.0
东城, 南 北 , 4室3厅 , 204.16, 精装,新怡家园 ,2006,13,崇文门,2450,120004.0
东城, 南 西 北 , 3室1厅 , 109.23, 其他,东花市北里东区 ,1990,7,东花市,1036,94846.0
东城, 西北 , 3室1厅 , 96.34, 简装,东环居苑 ,2004,22,广渠门,856,88852.0
东城, 东 , 2室1厅 , 91.28, 毛坯,天娇园 ,2008,11,东花市,870,95312.0
东城, 南 , 2室2厅 , 125.11, 精装,天天家园 ,2002,11,永定门,799,63864.0
东城, 南 北 , 3室1厅 , 125.67, 精装,新裕家园 ,2004,14,崇文门,1400,111403.0
东城, 东 西 , 2室1厅 , 129.61, 精装,新世界家园 ,2004,12,崇文门,1350,104159.0
东城, 西南 , 3室2厅 , 158.07, 简装,和平新城一期 ,2003,19,和平里,1680,106283.0
东城, 南 , 2室2厅 , 91.8, 精装,中海紫御公馆 ,2010,22,陶然亭,970,105665.0
东城, 东 南 , 4室2厅 , 123.94, 精装,和平里六区 ,1998,17,和平里,1360,109731.0
东城, 南 北 , 3室1厅 , 94.58, 简装,小取灯胡同8号院 ,1992,4,东四,1050,111018.0
东城, 西南 , 1室1厅 , 55.15, 精装,培新街乙5号院 ,1999,17,广渠门,558,101179.0
东城, 南 北 , 3室2厅 , 132.12, 简装,胡家园26号院 ,1996,6,东直门,1050,79474.0
东城, 南 北 , 3室1厅 , 146.33, 精装,本家润园一期 ,2005,11,东花市,1595,109001.0
东城, 南 , 3室1厅 , 95.49, 简装,新景家园西区 ,2004,12,崇文门,1030,107865.0
东城, 东南 南 , 2室1厅 , 73.12, 简装,安德里北街25号院 ,1990,17,安定门,695,95050.0
东城, 南 北 , 3室2厅 , 179.31, 精装,冠城名敦道 ,2009,27,广渠门,1780,99270.0
东城, 西南 , 2室2厅 , 119.14, 精装,京禧阁 ,2013,22,广渠门,1166,97869.0
东城, 西南 , 2室2厅 , 120.97, 精装,上龙西里 ,1996,18,安定门,1208,99860.0
东城, 西 北 , 3室1厅 , 108.16, 精装,永铁苑 ,2000,22,陶然亭,715,66106.0
东城, 南 北 , 3室1厅 , 83.73, 精装,外交部街33号院 ,1990,6,建国门内,1079,128867.0
东城, 南 北 , 3室2厅 , 152.78, 精装,富贵园一区 ,2003,9,东花市,1850,121090.0
东城, 南 北 , 4室1厅 , 166.6, 精装,天坛公馆 ,2003,6,崇文门,2150,129052.0
东城, 南 北 , 4室2厅 , 172.78, 精装,新世界家园 ,2001,10,崇文门,2100,121542.0
东城, 东南 北 , 4室1厅 , 192.51, 精装,幸福家园二期 ,2003,18,广渠门,1780,92463.0
东城, 南 北 , 3室2厅 , 118.16, 其他,东交民巷13号院 ,1990,14,前门,1360,115099.0
东城, 西 , 1室1厅 , 52.48, 精装,兴隆都市馨园 ,2003,6,崇文门,490,93369.0
东城, 东 , 1室0厅 , 27.72, 简装,兴隆都市馨园 ,2004,7,崇文门,359,129510.0
东城, 东北 , 1室0厅 , 91.39, 毛坯,冠城名敦道 ,2010,23,广渠门,569,62261.0
东城, 东南 , 3室1厅 , 158.38, 精装,雍和家园一期 ,2001,16,和平里,1600,101023.0
东城, 南 , 1室1厅 , 61.02, 简装,景泰西里西区 ,2005,9,永定门,450,73747.0
东城, 南 北 , 3室1厅 , 113.87, 简装,华龙美晟 ,2009,12,永定门,729,64021.0
东城, 南 北 , 3室1厅 , 70.95, 精装,和平里三区 ,1996,6,和平里,778,109655.0
东城, 南 北 , 2室1厅 , 109.79, 简装,幸福家园一期 ,2002,18,广渠门,1130,102924.0
东城, 西北 , 3室2厅 , 108.16, 简装,永铁苑 ,2000,22,陶然亭,710,65644.0
东城, 东 西 , 2室1厅 , 63.61, 简装,安德路47号院 ,1988,6,安定门,550,86465.0
东城, 南 西 , 3室2厅 , 150.82, 精装,华府景园 ,2001,16,安定门,1360,90174.0
东城, 南 北 , 2室0厅 , 62.61, 简装,光明楼 ,1960,4,广渠门,510,81457.0
东城, 南 北 , 2室1厅 , 55.12, 精装,和平里五区 ,1996,6,和平里,680,123368.0
东城, 南 北 , 3室1厅 , 69.02, 毛坯,花梗胡同1号院 ,1985,6,交道口,880,127500.0
东城, 南 北 , 3室1厅 , 155.4, 简装,康鸿家园 ,2000,6,和平里,1680,108109.0
东城, 东南 , 4室1厅 , 179.48, 简装,凯景铭座 ,2001,19,安定门,1500,83575.0
东城, 南 , 1室1厅 , 58.46, 简装,新景家园西区 ,2004,17,崇文门,604,103319.0
东城, 南 北 , 3室2厅 , 163.81, 简装,禾风相府 ,2004,14,金宝街,2350,143459.0
东城, 南 北 , 2室1厅 , 68, 简装,兴隆都市馨园 ,2003,7,崇文门,698,102648.0
东城, 南 北 , 2室1厅 , 106.87, 精装,新景家园东区 ,2008,15,崇文门,1160,108544.0
东城, 南 北 , 4室2厅 , 107.65, 简装,金鱼池中区 ,2002,7,天坛,750,69671.0
东城, 南 北 , 4室2厅 , 153.52, 精装,富贵园四区 ,2006,6,东花市,1750,113992.0
东城, 南 北 , 2室1厅 , 70.57, 简装,绿景馨园 ,2004,6,广渠门,676,95792.0
东城, 南 北 , 3室2厅 , 181.72, 简装,东花市北里西区 ,1996,6,东花市,1500,82545.0
东城, 南 北 , 3室2厅 , 175.37, 简装,新怡家园 ,2006,13,崇文门,2099,119690.0
东城, 东 , 3室1厅 , 69.34, 精装,国瑞城中区 ,2006,16,崇文门,700,100952.0
东城, 东 西 北 , 3室2厅 , 182.79, 精装,东直门内北小街2号院 ,2003,20,东直门,1480,80968.0
东城, 南 北 , 3室1厅 , 94.59, 简装,兴隆都市馨园 ,2003,6,崇文门,840,88805.0
东城, 南 北 西 , 3室2厅 , 91.68, 简装,长青园 ,1992,6,左安门,720,78535.0
东城, 东 南 西 , 3室1厅 , 74.62, 简装,甘水桥 ,1988,14,和平里,730,97830.0
东城, 南 北 , 4室1厅 , 219.74, 精装,国瑞城中区 ,2006,11,崇文门,2500,113771.0
东城, 东 西 , 2室1厅 , 54.17, 精装,安外西河沿 ,1983,11,安定门,539,99502.0
东城, 西 , 2室1厅 , 86.25, 精装,华龙美晟 ,2009,12,永定门,628,72812.0
东城, 南 北 , 4室2厅 , 157.05, 简装,富贵园一区 ,2004,12,东花市,1858,118307.0
东城, 南 北 , 3室1厅 , 133.04, 其他,左安漪园 ,2004,10,左安门,1256,94408.0
东城, 南 , 1室1厅 , 41.34, 简装,南岗子 ,1988,6,崇文门,416,100629.0
东城, 东 , 1室1厅 , 47.99, 简装,豆瓣胡同 ,2003,21,朝阳门内,650,135445.0
东城, 东 , 1室0厅 , 61.98, 精装,国瑞城西区 ,2009,16,崇文门,560,90352.0
东城, 西 , 2室1厅 , 66.88, 简装,建予园 ,2001,16,永定门,460,68780.0
东城, 东北 , 1室1厅 , 63.27, 毛坯,和平里五区 ,2000,7,和平里,720,113799.0
东城, 西南 , 3室1厅 , 158.39, 简装,雍和家园一期 ,2001,16,和平里,1420,89653.0
东城, 东 , 1室1厅 , 58.45, 简装,新景家园西区 ,2004,16,崇文门,590,100941.0
东城, 南 北 , 2室1厅 , 98.54, 精装,保利蔷薇 ,2007,16,广渠门,1060,107571.0
东城, 南 北 , 2室1厅 , 63.93, 精装,广渠门内大街 ,1980,13,广渠门,612,95730.0
东城, 东南 , 2室1厅 , 78.15, 简装,景泰东里 ,1994,9,蒲黄榆,550,70378.0
东城, 东 西 , 3室1厅 , 90.48, 其他,新景家园东区 ,2004,16,崇文门,960,106101.0
东城, 西南 西 , 2室1厅 , 90.01, 毛坯,永铁苑 ,2000,22,陶然亭,589,65438.0
东城, 东 西 , 2室1厅 , 69.03, 简装,培新街乙5号院 ,1999,16,广渠门,680,98508.0
东城, 南 北 , 3室1厅 , 179.61, 精装,雍和家园一期 ,2003,16,和平里,1650,91866.0
东城, 南 , 3室1厅 , 91.25, 精装,安定路 ,1995,20,安贞,857,93918.0
东城, 南 北 , 2室1厅 , 70.92, 简装,金鱼池东区 ,2002,7,天坛,670,94473.0
东城, 南 , 1室1厅 , 102, 精装,太华公寓 ,2000,17,崇文门,725,71079.0
东城, 南 北 , 2室1厅 , 57.09, 简装,化工大院 ,1988,5,和平里,620,108601.0
东城, 东 南 , 3室1厅 , 140.48, 简装,东方银座 ,2003,27,东直门,1010,71897.0
东城, 南 北 , 2室2厅 , 99.01, 精装,官书院 ,1999,6,安定门,1170,118170.0
东城, 南 北 , 4室2厅 , 171.15, 精装,新世界家园 ,2001,10,崇文门,2090,122116.0
东城, 东 南 北 , 3室1厅 , 139.91, 精装,丽水湾畔家园 ,2002,21,广渠门,1119,79980.0
东城, 东 西 , 3室1厅 , 80.96, 精装,香河园北里 ,1986,14,东直门,690,85228.0
东城, 南 北 , 2室2厅 , 139.17, 简装,东花市北里西区 ,1996,6,东花市,1050,75448.0
东城, 北 , 2室1厅 , 65.25, 简装,幸福家园二期 ,2003,13,广渠门,710,108813.0
东城, 南 北 , 3室1厅 , 70.66, 精装,和平里七区 ,1986,5,和平里,768,108690.0
东城, 南 北 , 2室1厅 , 83.26, 精装,本家润园三期 ,2005,18,东花市,779,93563.0
东城, 东 , 2室1厅 , 71.17, 精装,民安小区东直门北中街 ,2002,11,东直门,730,102572.0
东城, 西南 , 3室1厅 , 79.21, 精装,广渠家园 ,2009,29,广渠门,695,87742.0
东城, 西 , 1室0厅 , 77.36, 其他,冠城名敦道 ,2010,23,广渠门,479,61919.0
东城, 南 北 , 3室1厅 , 152.06, 精装,国瑞城中区 ,2006,16,崇文门,1550,101934.0
东城, 南 北 西 , 3室1厅 , 56.25, 精装,龙潭北里三条 ,1965,5,左安门,515,91556.0
东城, 东南 , 1室1厅 , 123.71, 精装,贡院六号 ,2002,23,建国门内,1230,99427.0
东城, 南 北 , 2室1厅 , 55.96, 简装,青年湖东里 ,1982,6,安定门,590,105433.0
东城, 东南 , 3室2厅 , 151.93, 精装,天天家园 ,2002,11,永定门,1030,67795.0
东城, 东 , 1室1厅 , 62.78, 其他,金桥国际 ,2004,19,广渠门,530,84422.0
东城, 南 北 , 2室2厅 , 204.82, 精装,使馆壹号院 ,2017,19,东直门,2600,126941.0
东城, 东北 , 2室1厅 , 119, 简装,富莱茵花园 ,2001,21,永定门,720,60505.0
东城, 西南 , 2室1厅 , 62.3, 简装,北新桥三条64号院 ,1985,6,东直门,636,102087.0
东城, 南 北 , 3室1厅 , 73.59, 精装,东总布胡同 ,1990,6,建国门内,798,108439.0
东城, 南 北 , 3室1厅 , 80.09, 简装,兴隆都市馨园 ,2003,7,崇文门,629,78537.0
东城, 南 北 , 2室1厅 , 58.31, 简装,和平里三区 ,1996,6,和平里,645,110616.0
东城, 南 西 北 , 3室1厅 , 72.39, 简装,小黄庄二区 ,1995,6,安贞,780,107750.0
东城, 西南 , 2室1厅 , 88.96, 简装,望陶园小区 ,2001,18,永定门,618,69470.0
东城, 东 , 1室1厅 , 96.5, 精装,海晟名苑北区 ,2007,17,工体,895,92747.0
东城, 西南 , 2室1厅 , 90.01, 简装,永铁苑 ,2000,22,陶然亭,599,66549.0
东城, 东 西 , 2室1厅 , 62.52, 其他,北河沿大街 ,1989,6,灯市口,685,109565.0
东城, 南 北 , 2室1厅 , 76.02, 简装,交道口东大街 ,2002,11,交道口,830,109182.0
东城, 南 , 2室1厅 , 51.06, 简装,车站路6号院 ,1980,6,陶然亭,408,79906.0
东城, 西 , 1室1厅 , 47.11, 精装,城市亮点 ,2004,12,永定门,392,83210.0
东城, 西 , 2室1厅 , 63.07, 简装,民旺园 ,1996,9,和平里,620,98304.0
东城, 东 西 , 3室1厅 , 90.75, 简装,景泰西里西区 ,2005,11,永定门,630,69422.0
东城, 南 北 , 2室1厅 , 68.54, 精装,朝阳门北小街 ,2003,6,朝阳门内,860,125475.0
东城, 东南 北 , 2室1厅 , 111.5, 精装,本家润园一期 ,2005,12,东花市,1099,98566.0
东城, 东南 , 1室1厅 , 62.62, 精装,本家润园一期 ,2006,13,东花市,715,114181.0
东城, 东 西 , 2室1厅 , 58.52, 简装,安德路47号院 ,1995,6,安定门,560,95694.0
东城, 南 北 , 2室1厅 , 71.75, 精装,东后河沿 ,1999,16,崇文门,758,105645.0
东城, 南 , 2室1厅 , 54.17, 精装,安外西河沿 ,1983,11,安定门,560,103379.0
东城, 东 , 1室1厅 , 63.35, 精装,金桥国际 ,2004,27,广渠门,545,86030.0
东城, 西南 , 3室1厅 , 134.2, 其他,幸福家园三期 ,2005,15,广渠门,1480,110284.0
东城, 南 , 1室1厅 , 44, 精装,上龙西里 ,1988,18,安定门,475,107955.0
东城, 南 北 , 2室1厅 , 92.84, 精装,天利园 ,2003,16,广渠门,858,92418.0
东城, 东 北 , 3室1厅 , 72.64, 精装,长青园 ,1995,6,左安门,580,79846.0
东城, 南 , 2室1厅 , 55.52, 精装,安外东河沿 ,1989,6,安定门,600,108070.0
东城, 西 , 1室1厅 , 91.75, 精装,美惠大厦 ,1998,15,朝阳门外,539,58747.0
东城, 南 北 , 3室1厅 , 113.14, 简装,法华南里 ,1994,6,崇文门,969,85647.0
东城, 南 北 , 4室1厅 , 315.6, 精装,金宝街 ,2008,17,朝阳门内,3969,125761.0
东城, 南 北 , 2室1厅 , 112.26, 精装,和平新城一期 ,2003,19,和平里,1122,99947.0
东城, 南 西 北 , 3室1厅 , 92.69, 简装,琉璃井路 ,1983,12,永定门,648,69911.0
东城, 南 北 , 2室2厅 , 97.44, 精装,东花市北里中区 ,1995,6,东花市,850,87234.0
东城, 东 西 , 3室1厅 , 76.97, 简装,察慈小区 ,1990,12,东直门,710,92244.0
东城, 东 西 , 2室2厅 , 129.84, 简装,湖景苑 ,1999,8,安定门,1160,89341.0
东城, 东北 , 3室1厅 , 102.88, 精装,西营房 ,2006,16,安定门,898,87287.0
东城, 南 北 , 2室1厅 , 98.54, 精装,保利蔷薇 ,2007,16,广渠门,1080,109601.0
东城, 南 北 , 3室1厅 , 72.03, 精装,后永康胡同2号院4号院 ,1994,6,东直门,760,105512.0
东城, 东南 , 2室1厅 , 96.17, 精装,保利蔷薇 ,2007,16,广渠门,1065,110742.0
东城, 南 北 , 3室2厅 , 169.11, 精装,华冠丽景 ,2003,8,东直门,1798,106322.0
东城, 南 北 , 3室2厅 , 134.87, 精装,富贵园四区 ,2006,12,东花市,1550,114926.0
东城, 南 北 , 3室1厅 , 77.54, 简装,崇文门东大街 ,1986,14,崇文门,692,89245.0
东城, 南 北 , 3室1厅 , 69.14, 简装,幸福北里 ,1988,6,广渠门,640,92566.0
东城, 东 , 2室1厅 , 70.3, 简装,本家润园三期 ,2005,18,东花市,646,91892.0
东城, 南 , 2室1厅 , 58.15, 简装,抽屉胡同 ,1980,7,建国门外,580,99743.0
东城, 西北 , 3室1厅 , 78.44, 精装,东总布胡同19号院 ,1992,6,建国门内,720,91790.0
东城, 南 北 , 3室1厅 , 303.85, 精装,贡院六号 ,2002,22,建国门内,2600,85569.0
东城, 南 , 2室1厅 , 83.35, 简装,前门前 ,2009,6,天坛,810,97181.0
东城, 南 北 , 4室2厅 , 295.52, 其他,聚龙花园 ,1995,3,工体,2350,79521.0
东城, 南 北 , 1室1厅 , 47.6, 精装,安贞苑50号院 ,1996,6,安贞,499,104832.0
东城, 南 北 , 2室2厅 , 108.18, 其他,东河沿 ,1990,6,崇文门,1230,113700.0
东城, 南 北 , 2室1厅 , 60.68, 精装,柏林寺西 ,1994,6,和平里,666,109757.0
东城, 东 北 , 2室1厅 , 80.64, 简装,和平里东街9号院 ,2000,16,和平里,845,104787.0
东城, 北 , 2室1厅 , 56.93, 精装,本家润园三期 ,2005,18,东花市,590,103637.0
东城, 东北 , 3室2厅 , 147.76, 简装,悠胜美苑 ,2001,18,永定门,900,60910.0
东城, 北 , 1室1厅 , 63.5, 精装,远洋德邑 ,2002,22,广渠门,560,88189.0
东城, 东南 , 1室1厅 , 65.08, 简装,东环居苑 ,2004,22,广渠门,530,81439.0
东城, 南 , 2室1厅 , 70.81, 简装,民安小区东羊管胡同 ,2002,14,东直门,728,102811.0
东城, 南 , 2室1厅 , 69.67, 精装,永铁苑 ,2000,22,陶然亭,520,74638.0
东城, 东 , 1室1厅 , 59.73, 简装,新景家园东区 ,2004,17,崇文门,585,97941.0
东城, 东 西 , 3室1厅 , 69.29, 简装,东厂北巷3号院 ,1986,6,灯市口,780,112571.0
东城, 东 西 , 2室1厅 , 85.3, 精装,京城仁合 ,2004,16,广渠门,765,89684.0
东城, 南 , 1室1厅 , 59.11, 精装,万国城MOMA ,2004,27,东直门,693,117240.0
东城, 西 , 1室1厅 , 55.3, 其他,富贵园四区 ,2006,10,东花市,590,106691.0
东城, 西北 , 2室1厅 , 64.78, 简装,海运仓小区 ,2002,6,东直门,700,108059.0
东城, 西北 , 3室1厅 , 80.61, 其他,东直门外大街(东城） ,1990,16,东直门,668,82869.0
东城, 西 , 1室2厅 , 140.62, 精装,建国门北大街5号 ,2008,24,建国门内,695,49424.0
东城, 西南 北 , 3室1厅 , 119.46, 其他,和平里六区 ,2000,17,和平里,1100,92082.0
东城, 北 , 2室1厅 , 143.76, 精装,长安太和 ,2012,24,建国门内,1650,114775.0
东城, 南 , 2室1厅 , 94.28, 简装,胡家园小区 ,2000,10,东直门,815,86445.0
东城, 西 , 2室1厅 , 143.09, 简装,雍和家园二期 ,2005,6,和平里,1100,76875.0
东城, 南 , 2室2厅 , 90.48, 简装,中海紫御公馆 ,2010,19,陶然亭,945,104443.0
东城, 东北 , 1室2厅 , 61.63, 精装,中海紫御公馆 ,2010,22,陶然亭,630,102223.0
东城, 东 西 北 , 3室1厅 , 104.1, 精装,富贵园三区 ,2002,18,东花市,900,86456.0
东城, 南 , 2室2厅 , 90.48, 简装,中海紫御公馆 ,2010,19,陶然亭,928,102565.0
东城, 南 北 , 3室1厅 , 113.08, 简装,菊儿胡同 ,1990,4,地安门,1350,119385.0
东城, 西北 , 2室1厅 , 75.53, 其他,建国门南大街 ,1989,14,建国门外,720,95327.0
东城, 南 北 , 3室1厅 , 73.14, 精装,南岗子 ,1988,6,崇文门,658,89965.0
东城, 南 , 1室1厅 , 70.81, 其他,工体3号 ,2013,17,工体,630,88971.0
东城, 南 , 3室1厅 , 90.69, 精装,安定路 ,1993,20,安贞,850,93726.0
东城, 东南 , 3室1厅 , 134.11, 简装,望陶园小区 ,1999,18,永定门,780,58162.0
东城, 东 西 , 3室1厅 , 84.7, 简装,朝阳门南小街 ,2004,16,朝阳门内,880,103897.0
东城, 南 西 , 3室1厅 , 118.53, 精装,左安漪园 ,2004,15,左安门,960,80993.0
东城, 南 北 , 3室2厅 , 216.91, 简装,聚龙花园 ,1995,7,工体,1320,60855.0
东城, 南 北 , 3室1厅 , 74.99, 精装,广渠家园 ,2009,29,广渠门,630,84012.0
东城, 南 北 , 3室2厅 , 166.82, 精装,东四块玉南街4号院 ,2002,7,左安门,1790,107302.0
东城, 南 西 , 3室1厅 , 123.35, 精装,新景家园西区 ,2001,12,崇文门,1230,99717.0
东城, 南 北 , 3室1厅 , 124.01, 简装,青年湖东里 ,1994,6,安定门,1220,98380.0
东城, 南 北 , 3室1厅 , 118.85, 精装,幸福家园一期 ,2002,14,广渠门,1380,116113.0
东城, 西北 , 3室1厅 , 156.2, 精装,凯景铭座 ,2001,19,安定门,1230,78746.0
东城, 南 北 , 3室1厅 , 178.89, 精装,朝阳首府 ,2009,11,朝阳门内,2000,111801.0
东城, 南 北 , 3室1厅 , 78.67, 简装,春秀路 ,1998,6,工体,695,88344.0
东城, 东南 , 2室1厅 , 48.36, 简装,胡家园小区 ,1985,6,东直门,499,103185.0
东城, 南 北 , 3室1厅 , 114.52, 简装,左安浦园 ,2004,16,左安门,830,72477.0
东城, 南 北 , 3室1厅 , 81.93, 精装,绿景馨园 ,2004,6,广渠门,760,92763.0
东城, 西 , 2室1厅 , 75, 简装,民旺园十九号院 ,2000,6,和平里,685,91334.0
东城, 南 北 , 4室2厅 , 112.66, 其他,金鱼池西区 ,2002,5,天坛,890,78999.0
东城, 南 北 , 3室1厅 , 79.82, 简装,永康胡同5号院 ,1982,5,安定门,1030,129041.0
东城, 西南 , 1室1厅 , 112.97, 简装,太华公寓 ,2000,18,崇文门,790,69931.0
东城, 南 北 , 3室2厅 , 137.21, 精装,东花市北里中区 ,1990,5,东花市,1180,86000.0
东城, 南 , 2室1厅 , 60.85, 简装,胡家园小区 ,2000,10,东直门,595,97782.0
东城, 南 西 , 3室1厅 , 148.39, 精装,天天家园 ,2002,11,永定门,999,67323.0
东城, 东 南 北 , 3室1厅 , 77.44, 精装,李村东里 ,1980,6,永定门,605,78125.0
东城, 南 北 , 2室1厅 , 102.06, 精装,新裕家园 ,2004,17,崇文门,1120,109740.0
东城, 东 西 , 2室1厅 , 74.95, 精装,西水井胡同 ,2003,16,朝阳门内,680,90728.0
东城, 东南 , 2室1厅 , 86.57, 简装,保利蔷薇 ,2008,16,广渠门,855,98765.0
东城, 南 北 , 3室1厅 , 67.57, 简装,光明楼 ,1960,4,广渠门,560,82878.0
东城, 东 西 , 3室1厅 , 103.37, 精装,朝阳门南小街 ,2004,9,朝阳门内,1239,119861.0
东城, 东 , 1室1厅 , 43.39, 毛坯,安定路 ,1995,20,安贞,496,114313.0
东城, 南 北 , 2室1厅 , 65.1, 简装,东直门北大街 ,1995,18,东直门,610,93702.0
东城, 东 西 , 3室1厅 , 70.51, 其他,白桥大街 ,1980,6,东花市,610,86513.0
东城, 东 , 1室1厅 , 64.76, 精装,富贵园三区 ,2002,16,东花市,615,94967.0
东城, 南 北 , 3室1厅 , 98.73, 简装,长青园 ,1989,6,左安门,980,99261.0
东城, 南 北 , 3室1厅 , 118.62, 简装,西革新里108号院 ,1996,6,永定门,785,66178.0
东城, 东 南 北 , 3室1厅 , 56.59, 精装,南岗子 ,1981,6,崇文门,509,89946.0
东城, 南 北 , 4室2厅 , 149.05, 精装,胜古中路1号院 ,1996,14,安贞,1200,80510.0
东城, 西南 西北 , 2室1厅 , 122.76, 精装,和平新城一期 ,2003,19,和平里,1350,109971.0
东城, 东 , 2室1厅 , 74.62, 精装,国瑞城中区 ,2006,16,崇文门,792,106138.0
东城, 西北 , 2室1厅 , 62.48, 简装,安德里北街25号院 ,1988,17,安定门,620,99232.0
东城, 东南 北 , 3室1厅 , 72.53, 简装,青年湖东里 ,1982,6,安定门,730,100649.0
东城, 南 , 2室1厅 , 71.63, 简装,豆瓣胡同 ,2003,21,朝阳门内,890,124250.0
东城, 南 北 , 2室2厅 , 90.09, 精装,中海紫御公馆 ,2010,19,陶然亭,1036,114997.0
东城, 南 北 , 4室3厅 , 157.52, 简装,东花市北里中区 ,1995,6,东花市,1380,87608.0
东城, 东 西 , 2室1厅 , 74.55, 简装,朝阳门南小街 ,2004,9,朝阳门内,735,98592.0
东城, 西南 , 3室2厅 , 172.33, 简装,花市枣苑二期 ,2004,17,东花市,1630,94586.0
东城, 西南 , 3室1厅 , 191.65, 精装,中景濠庭 ,2001,22,安定门,1909,99609.0
东城, 东南 , 3室2厅 , 134.93, 精装,北京上舍 ,2008,15,广渠门,1390,103017.0
东城, 南 北 , 3室1厅 , 87.35, 简装,金鱼池中区 ,2002,5,天坛,793,90785.0
东城, 西南 北 , 3室1厅 , 93.82, 精装,安定路 ,1996,18,安贞,870,92731.0
东城, 南 北 , 3室2厅 , 156.73, 简装,宝钞苑 ,2001,7,安定门,1800,114848.0
东城, 东南 , 4室2厅 , 244.75, 简装,聚龙花园 ,1996,14,工体,1800,73545.0
东城, 南 北 , 4室2厅 , 223.42, 精装,国瑞城中区 ,2006,11,崇文门,2350,105184.0
东城, 东北 , 3室2厅 , 229.85, 精装,长安太和 ,2012,24,建国门内,3590,156189.0
东城, 南 北 , 3室2厅 , 97.91, 精装,法华南里 ,1995,6,崇文门,1088,111123.0
东城, 南 北 , 2室1厅 , 73.59, 简装,青年湖北里 ,1996,12,安定门,710,96481.0
东城, 东 , 1室0厅 , 37.67, 精装,新景家园东区 ,2010,15,崇文门,528,140165.0
东城, 北 , 1室0厅 , 46.66, 精装,兴隆都市馨园 ,2004,7,崇文门,460,98586.0
东城, 东 西南 , 2室1厅 , 68.49, 精装,上龙西里 ,1993,18,安定门,740,108045.0
东城, 东南 , 2室1厅 , 110.8, 简装,金世纪嘉园 ,2006,21,广渠门,925,83484.0
东城, 南 北 , 2室1厅 , 62.05, 简装,南水关 ,1989,14,广渠门,560,90250.0
东城, 东 , 1室0厅 , 76.75, 简装,冠城名敦道 ,2010,23,广渠门,440,57329.0
东城, 东 , 1室0厅 , 60.83, 精装,国瑞城西区 ,2009,16,崇文门,560,92060.0
东城, 南 北 , 3室2厅 , 161.84, 精装,宝钞苑 ,2001,7,安定门,1790,110604.0
东城, 西 , 1室0厅 , 46, 精装,海晟名苑北区 ,2007,16,工体,475,103261.0
东城, 南 , 1室0厅 , 28.7, 其他,兴隆都市馨园 ,2004,7,崇文门,353,122997.0
东城, 西 , 1室0厅 , 31.5, 精装,兴隆都市馨园 ,2004,7,崇文门,350,111112.0
东城, 西南 , 1室1厅 , 40.57, 简装,和平里三区 ,1996,6,和平里,486,119793.0
东城, 东 , 2室1厅 , 58.97, 精装,工体北里 ,1983,6,工体,525,89029.0
东城, 南 北 , 2室1厅 , 55.64, 精装,化工大院 ,1988,5,和平里,640,115026.0
东城, 南 , 2室1厅 , 70.4, 其他,忠实里 ,1986,16,广渠门,606,86080.0
东城, 南 北 , 2室1厅 , 77.58, 简装,安乐林二条 ,1990,6,永定门,530,68317.0
东城, 西北 , 2室1厅 , 70.65, 简装,交道口东大街 ,2002,11,交道口,880,124558.0
东城, 东南 , 2室1厅 , 78.91, 精装,海运仓小区 ,2003,7,东直门,808,102396.0
东城, 东南 , 3室1厅 , 97.45, 简装,本家润园三期 ,2005,18,东花市,900,92356.0
东城, 南 , 2室1厅 , 72.36, 毛坯,东总布胡同19号院 ,1992,16,建国门内,769,106275.0
东城, 西北 , 2室1厅 , 52.5, 精装,胡家园小区 ,1985,6,东直门,469,89334.0
东城, 东 西 , 2室1厅 , 68.4, 精装,朝阳门南小街 ,2004,16,朝阳门内,750,109650.0
东城, 西北 , 2室1厅 , 75.94, 精装,本家润园一期 ,2005,12,东花市,880,115881.0
东城, 东北 , 3室1厅 , 66.74, 简装,青年湖东里 ,1988,18,安定门,639,95745.0
东城, 东 西 , 3室1厅 , 90.95, 简装,新景家园东区 ,2005,17,崇文门,985,108302.0
东城, 南 北 , 2室1厅 , 64.82, 简装,海运仓小区 ,2003,7,东直门,740,114163.0
东城, 南 北 , 2室1厅 , 80.79, 精装,新景家园西区 ,2004,16,崇文门,765,94690.0
东城, 南 , 2室0厅 , 56.95, 简装,前门东大街 ,1979,16,崇文门,550,96576.0
东城, 南 北 , 2室1厅 , 55.21, 简装,长青园 ,1992,6,左安门,488,88390.0
东城, 南 北 , 2室1厅 , 54.2, 毛坯,天坛西里东区 ,1970,6,天坛,450,83026.0
东城, 南 北 , 2室1厅 , 47.45, 其他,永定门东街东里 ,1970,4,天坛,420,88515.0
东城, 南 北 , 2室1厅 , 75.82, 精装,新景家园西区 ,2004,12,崇文门,768,101293.0
东城, 南 北 , 2室1厅 , 57.47, 其他,前门东大街1号 ,0,0,前门,670,116583.0
东城, 东 , 1室1厅 , 57.46, 毛坯,本家润园三期 ,2005,18,东花市,600,104421.0
东城, 东南 东北 , 2室1厅 , 66.16, 简装,建国门北大街 ,1990,17,建国门内,638,96433.0
东城, 南 , 1室2厅 , 109.19, 精装,聚龙花园 ,1996,14,工体,880,80594.0
东城, 南 北 , 4室2厅 , 116.79, 精装,南门仓胡同 ,2003,6,朝阳门内,1380,118161.0
东城, 东 南 西 , 3室1厅 , 91.69, 简装,民安小区东直门北中街 ,2002,6,东直门,938,102302.0
东城, 南 北 , 2室2厅 , 163.43, 精装,贡院九号 ,2000,18,建国门内,1499,91722.0
东城, 西北 , 2室2厅 , 143.58, 精装,万国城MOMA ,2006,31,东直门,1448,100850.0
东城, 南 , 4室2厅 , 267.32, 毛坯,雍和家园一期 ,2001,16,和平里,2618,97936.0
东城, 南 北 , 2室1厅 , 61.38, 其他,仓南胡同12号院 ,1990,6,朝阳门内,699,113881.0
东城, 东 南 北 , 3室1厅 , 101, 精装,东直门北大街 ,1994,18,东直门,938,92872.0
东城, 南 北 , 3室1厅 , 65.78, 毛坯,朝内大街203号院 ,1986,6,东四,795,120858.0
东城, 东 西 , 3室1厅 , 71.61, 简装,板厂南里 ,1980,5,广渠门,630,87977.0
东城, 南 , 2室1厅 , 119.77, 精装,瑞士公寓 ,2007,16,朝阳门外,1230,102697.0
东城, 南 北 , 2室2厅 , 175.3, 精装,聚龙花园 ,1996,8,工体,1150,65602.0
东城, 南 , 2室1厅 , 85.86, 其他,大方家胡同 ,2003,9,朝阳门内,1050,122293.0
东城, 东 西 , 3室2厅 , 94.64, 其他,新景家园东区 ,2004,17,崇文门,980,103551.0
东城, 南 北 , 3室1厅 , 75.68, 精装,菊儿胡同 ,1985,6,地安门,890,117601.0
东城, 东北 , 2室1厅 , 173.01, 精装,东环广场 ,1999,30,东直门,1270,73407.0
东城, 南 北 , 3室2厅 , 130.45, 精装,培新街乙5号院 ,1999,16,广渠门,1180,90457.0
东城, 南 北 , 3室1厅 , 99.25, 精装,体育馆路13号 ,1996,7,崇文门,919.1,92605.0
东城, 东北 , 2室1厅 , 50.17, 精装,龙潭北里四条 ,1960,5,左安门,450,89696.0
东城, 南 北 , 2室1厅 , 57.84, 其他,安乐林二条 ,1990,6,永定门,393,67947.0
东城, 南 北 , 2室1厅 , 77.87, 精装,新景家园东区 ,2005,13,崇文门,955,122641.0
东城, 南 北 , 3室2厅 , 117.93, 精装,永合馨苑 ,2001,11,永定门,770,65293.0
东城, 东 南 北 , 3室1厅 , 61.69, 简装,朗家胡同24号院 ,1977,6,安定门,688,111526.0
东城, 东南 , 3室1厅 , 88.87, 精装,国瑞城中区 ,2006,16,崇文门,1000,112524.0
东城, 西北 , 3室1厅 , 96.34, 精装,东环居苑 ,2004,22,广渠门,818,84908.0
东城, 东 北 , 3室1厅 , 74.82, 精装,安化北里 ,1980,17,广渠门,610,81530.0
东城, 北 , 2室1厅 , 78.24, 精装,华龙美晟 ,2009,12,永定门,565,72214.0
东城, 南 北 , 2室2厅 , 133.56, 精装,远洋德邑 ,2002,12,广渠门,1202,89998.0
东城, 东 , 3室1厅 , 110.48, 精装,西营房 ,2006,19,安定门,950,85989.0
东城, 东北 , 2室1厅 , 64.58, 简装,海运仓小区 ,2003,7,东直门,720,111490.0
东城, 南 北 , 3室2厅 , 144.74, 精装,富贵园一区 ,2004,11,东花市,1760,121598.0
东城, 东 西 , 4室2厅 , 126.93, 其他,金鱼池中区 ,2002,7,天坛,860,67754.0
东城, 南 北 , 3室2厅 , 124.06, 精装,官书院 ,1998,6,安定门,1450,116879.0
东城, 西 北 , 2室1厅 , 136.48, 精装,国瑞城西区 ,2009,16,崇文门,1240,90856.0
东城, 南 北 , 3室2厅 , 152.26, 精装,府上嘉园 ,2008,11,安定门,2300,151058.0
东城, 东 , 3室1厅 , 118.82, 简装,新景家园西区 ,2001,12,崇文门,1220,102677.0
东城, 南 北 , 3室1厅 , 79.04, 简装,崇文门东大街 ,1980,14,崇文门,710,89828.0
东城, 南 , 4室1厅 , 147.9, 精装,新景家园东区 ,2004,17,崇文门,1450,98040.0
东城, 南 北 , 3室1厅 , 100.83, 简装,交道口东大街 ,2003,12,交道口,1250,123972.0
东城, 南 北 , 4室2厅 , 253.74, 精装,朝阳首府 ,2009,11,朝阳门内,2630,103650.0
东城, 东 西 , 3室1厅 , 133.86, 精装,宝钞苑 ,2001,7,安定门,1450,108323.0
东城, 北 , 1室1厅 , 65.6, 精装,金世纪嘉园 ,2003,18,广渠门,528,80488.0
东城, 西南 , 4室1厅 , 106.15, 精装,沙滩北街甲2号院 ,0,0,东四,1198,112860.0
东城, 南 北 , 2室1厅 , 74.41, 精装,建国门内大街 ,1996,6,建国门外,838,112620.0
东城, 西南 , 3室1厅 , 104.18, 简装,富贵园二区 ,2003,18,东花市,951,91285.0
东城, 东北 , 1室1厅 , 60.4, 简装,金世纪嘉园 ,2005,21,广渠门,483,79967.0
东城, 南 , 1室1厅 , 60.76, 精装,青年湖北里 ,1999,18,安定门,615,101218.0
东城, 西 , 1室1厅 , 58.97, 精装,新景家园东区 ,2004,16,崇文门,600,101747.0
东城, 东 , 2室1厅 , 67.36, 简装,禾风相府 ,2004,14,金宝街,875,129900.0
东城, 东北 , 1室1厅 , 86.99, 简装,朝阳首府 ,2009,15,朝阳门内,710,81619.0
东城, 西 , 2室1厅 , 93.1, 简装,新景家园西区 ,2001,12,崇文门,920,98819.0
东城, 东 , 1室1厅 , 63.35, 精装,金桥国际 ,2004,27,广渠门,550,86820.0
东城, 西南 , 1室1厅 , 70.69, 精装,京禧阁 ,2013,22,广渠门,668,94498.0
东城, 东 南 北 , 3室1厅 , 63.09, 其他,交道口北二条35号院 ,1988,6,交道口,768,121731.0
东城, 东 南 , 2室1厅 , 97.11, 精装,保利蔷薇 ,2007,16,广渠门,1080,111215.0
东城, 东 , 1室1厅 , 48.21, 简装,西革新里110号院 ,1993,6,永定门,340,70525.0
东城, 东 西 , 2室1厅 , 78.01, 精装,民安小区东直门北中街 ,2002,13,东直门,725,92937.0
东城, 东南 , 1室1厅 , 53.95, 精装,上龙西里 ,1993,18,安定门,550,101947.0
东城, 西北 , 2室1厅 , 96.87, 精装,万国城MOMA ,2004,27,东直门,1020,105296.0
东城, 南 , 1室1厅 , 58.77, 精装,国瑞城中区 ,2006,16,崇文门,590,100392.0
东城, 东 , 1室1厅 , 47.56, 简装,法华南里 ,1994,6,崇文门,425,89361.0
东城, 东 西 , 2室1厅 , 57.54, 简装,六铺炕 ,1980,6,安定门,598,103928.0
东城, 南 北 , 2室0厅 , 43.95, 简装,前门东大街 ,1979,12,崇文门,470,106940.0
东城, 南 北 , 2室1厅 , 65.03, 简装,安外东河沿 ,1989,6,安定门,720,110719.0
东城, 南 , 1室1厅 , 40.48, 简装,东总布胡同 ,1990,6,建国门内,480,118578.0
东城, 南 , 3室1厅 , 121.99, 精装,花市枣苑一期 ,2002,18,东花市,1350,110665.0
东城, 南 , 1室1厅 , 44.38, 简装,广渠门内大街 ,1980,16,广渠门,455,102524.0
东城, 南 北 , 2室1厅 , 70.6, 精装,仓南胡同14号院 ,1994,6,朝阳门内,758,107366.0
东城, 北 , 3室1厅 , 148.9, 精装,禾风仕家 ,2004,10,金宝街,1560,104769.0
东城, 东南 , 2室1厅 , 76.01, 精装,东直门内大街 ,2002,16,东直门,798,104987.0
东城, 东 , 2室1厅 , 58.97, 简装,工体北里 ,1983,6,工体,560,94964.0
东城, 南 北 , 3室1厅 , 74.99, 精装,广渠家园 ,2009,29,广渠门,650,86679.0
东城, 南 北 , 2室1厅 , 74.68, 精装,交道口东大街 ,2003,11,交道口,985,131897.0
东城, 南 , 1室1厅 , 42.16, 简装,香河园北里 ,1986,6,东直门,388,92031.0
东城, 南 北 , 3室1厅 , 91.02, 精装,新景家园西区 ,2004,16,崇文门,890,97781.0
东城, 西南 , 3室2厅 , 240.67, 精装,万国城MOMA ,2006,31,东直门,2799,116301.0
东城, 东 西 , 3室1厅 , 125.98, 精装,本家润园一期 ,2006,13,东花市,1330,105573.0
东城, 南 西 北 , 3室1厅 , 69.53, 精装,小黄庄一区 ,1992,6,安贞,698,100389.0
东城, 东 , 2室1厅 , 89.96, 简装,上龙西里 ,2012,11,安定门,882,98044.0
东城, 东 西 , 1室1厅 , 62.57, 精装,保利蔷薇 ,2008,16,广渠门,600,95893.0
东城, 南 北 , 2室1厅 , 76.07, 简装,新永外文化用品商城 ,2007,15,永定门,530,69673.0
东城, 东 , 2室1厅 , 66.96, 精装,北新仓胡同 ,2003,14,东直门,730,109021.0
东城, 东南 , 1室1厅 , 65.08, 精装,东环居苑 ,2004,22,广渠门,540,82975.0
东城, 东 , 2室1厅 , 78.95, 简装,景泰西里西区 ,2005,11,永定门,560,70931.0
东城, 西北 , 1室1厅 , 61.12, 精装,远洋德邑 ,2003,13,广渠门,550,89987.0
东城, 南 北 , 3室1厅 , 79.89, 简装,兴隆都市馨园 ,2003,7,崇文门,799,100013.0
东城, 南 , 2室1厅 , 89.38, 简装,景泰西里西区 ,2005,9,永定门,580,64892.0
东城, 西南 , 2室1厅 , 60.83, 简装,安外东河沿 ,1994,20,安定门,690,113431.0
东城, 东 西 北 , 3室1厅 , 77.51, 简装,小取灯胡同8号院 ,1992,3,东四,898,115857.0
东城, 南 北 , 2室1厅 , 62.95, 简装,营房西街 ,1990,6,崇文门,550,87371.0
东城, 东 , 1室1厅 , 68.23, 精装,鼎盛园 ,2005,11,永定门,460,67420.0
东城, 西 , 2室1厅 , 75, 简装,民旺园十九号院 ,2000,6,和平里,685,91334.0
东城, 南 , 1室1厅 , 76.76, 简装,新裕家园 ,2004,17,崇文门,850,110735.0
东城, 南 北 , 2室1厅 , 50.62, 毛坯,青年湖东里 ,1980,5,安定门,538,106283.0
东城, 南 , 1室1厅 , 47.38, 简装,东花市大街2号院 ,1986,6,东花市,450,94977.0
东城, 西南 东北 , 2室1厅 , 80.95, 简装,革新南路2号院 ,1980,21,永定门,548,67697.0
东城, 南 北 , 2室1厅 , 98.54, 精装,保利蔷薇 ,2007,16,广渠门,1020,103512.0
东城, 南 , 2室1厅 , 77.59, 简装,国瑞城中区 ,2006,16,崇文门,799,102978.0
东城, 西南 , 3室1厅 , 109.38, 精装,和平新城一期 ,2003,21,和平里,1099,100476.0
东城, 东 西 , 3室2厅 , 218.66, 其他,雍和家园二期 ,2005,6,和平里,1700,77747.0
东城, 南 北 , 2室1厅 , 79.8, 精装,国瑞城中区 ,2006,16,崇文门,895,112156.0
东城, 南 北 , 2室1厅 , 102.57, 其他,和平新城一期 ,2003,20,和平里,1168,113874.0
东城, 南 北 , 2室1厅 , 65.43, 精装,安贞苑50号院 ,1996,6,安贞,646,98732.0
东城, 西 , 2室1厅 , 151.34, 简装,太华公寓 ,2000,18,崇文门,1150,75988.0
东城, 南 西南 , 3室1厅 , 87.98, 精装,安德里北街25号院 ,1990,17,安定门,850,96613.0
东城, 东 , 2室1厅 , 71.59, 精装,豆瓣胡同 ,2003,12,朝阳门内,850,118732.0
东城, 南 北 , 2室1厅 , 54.95, 简装,新中西街 ,1990,7,朝阳门外,420,76434.0
东城, 南 西 北 , 3室2厅 , 148.7, 精装,新怡家园 ,2006,13,崇文门,2030,136517.0
东城, 南 北 , 2室1厅 , 60.77, 精装,崇文门东大街 ,1984,12,崇文门,583,95936.0
东城, 南 北 , 3室1厅 , 74.38, 精装,胡家园小区 ,1989,12,东直门,720,96801.0
东城, 东南 , 2室1厅 , 75.03, 简装,培新街乙5号院 ,1999,16,广渠门,730,97295.0
东城, 南 北 , 2室1厅 , 87.94, 其他,富贵园一区 ,2003,10,东花市,1198,136230.0
东城, 西南 , 3室2厅 , 123.35, 其他,新景家园西区 ,2001,12,崇文门,1250,101338.0
东城, 北 , 1室1厅 , 32.34, 精装,绿景苑 ,2002,12,广渠门,430,132963.0
东城, 南 , 2室1厅 , 50.39, 精装,沙滩后街55号院 ,1986,5,东四,850,168685.0
东城, 南 , 1室1厅 , 41.34, 精装,绿景馨园 ,2004,6,广渠门,435,105225.0
东城, 东南 , 2室1厅 , 77.9, 简装,建予园 ,2001,16,永定门,540,69320.0
东城, 西南 , 2室1厅 , 64.01, 精装,金世纪嘉园 ,2006,21,广渠门,550,85925.0
东城, 北 , 1室1厅 , 50.72, 简装,绿景苑 ,2002,12,广渠门,485,95624.0
东城, 东 , 1室1厅 , 44.44, 简装,西革新里110号院 ,1992,6,永定门,335,75383.0
东城, 南 北 , 2室1厅 , 60.68, 精装,柏林寺西 ,1994,6,和平里,648,106790.0
东城, 南 北 , 1室1厅 , 40.68, 其他,营房西街 ,1990,6,崇文门,436,107178.0
东城, 东 西 , 2室1厅 , 80.86, 简装,民安小区东直门内北小街 ,2003,16,东直门,830,102647.0
东城, 南 北 , 3室1厅 , 88.71, 简装,南竹杆胡同 ,2003,16,朝阳门内,935,105400.0
东城, 北 , 2室1厅 , 65.48, 简装,幸福家园二期 ,2003,13,广渠门,685,104613.0
东城, 东 西 , 3室2厅 , 164.68, 精装,水上华城 ,2004,20,广渠门,1450,88050.0
东城, 南 北 , 2室2厅 , 131.79, 精装,海晟名苑南区 ,2004,22,工体,1550,117612.0
东城, 南 北 , 2室1厅 , 57.5, 简装,北官厅胡同甲二号院 ,1993,6,东直门,625,108696.0
东城, 西北 东北 , 2室1厅 , 131.58, 简装,雅安国际公寓 ,2005,19,建国门内,1190,90440.0
东城, 东北 , 2室1厅 , 59.19, 简装,胡家园小区 ,1985,6,东直门,480,81095.0
东城, 南 , 1室1厅 , 61.78, 精装,国瑞城东区 ,2006,8,崇文门,596,96472.0
东城, 东 , 1室1厅 , 107.22, 精装,太华公寓 ,2000,18,崇文门,750,69950.0
东城, 南 , 1室1厅 , 57.18, 精装,新景家园西区 ,2004,17,崇文门,545,95314.0
东城, 东 南 , 1室1厅 , 58.28, 精装,国瑞城东区 ,2006,8,崇文门,595,102094.0
东城, 南 , 3室2厅 , 127.42, 精装,远洋德邑 ,2002,22,广渠门,920,72203.0
东城, 北 , 2室1厅 , 96.69, 毛坯,幸福家园三期 ,2005,12,广渠门,700,72397.0
东城, 南 北 , 3室2厅 , 352.07, 精装,贡院六号 ,2002,22,建国门内,3200,90892.0
东城, 南 西北 , 2室2厅 , 126.38, 精装,和平新城一期 ,2003,19,和平里,1350,106821.0
东城, 南 北 , 2室1厅 , 102.06, 精装,新裕家园 ,2004,17,崇文门,1045,102391.0
东城, 东 西 , 3室1厅 , 85.77, 简装,香河园北里 ,1986,14,东直门,700,81614.0
东城, 南 北 , 2室1厅 , 90.05, 精装,前门前 ,2009,6,天坛,945,104942.0
东城, 南 北 , 2室1厅 , 112.96, 简装,元嘉国际公寓 ,2003,10,东直门,905,80117.0
东城, 南 , 3室2厅 , 99.42, 精装,兴化西里 ,2005,6,和平里,1020,102596.0
东城, 南 , 2室1厅 , 98.61, 简装,西营房 ,2006,19,安定门,920,93297.0
东城, 东 东南 南 , 3室1厅 , 130.57, 简装,宝华家园 ,2000,24,永定门,900,68929.0
东城, 南 北 , 2室1厅 , 64.45, 精装,海运仓小区 ,2002,9,东直门,710,110163.0
东城, 东南 , 2室1厅 , 66.17, 简装,金世纪嘉园 ,2004,21,广渠门,560,84631.0
东城, 东 西 , 3室2厅 , 188.68, 简装,美惠大厦 ,1998,15,朝阳门外,1290,68370.0
东城, 西 , 2室1厅 , 97.93, 其他,丽水湾畔家园 ,2002,21,广渠门,710,72501.0
东城, 东 南 北 , 2室1厅 , 73.97, 精装,兴隆都市馨园 ,2003,6,崇文门,800,108152.0
东城, 南 , 2室1厅 , 90.08, 精装,中海紫御公馆 ,2010,23,陶然亭,950,105462.0
东城, 东 西 , 3室2厅 , 154.84, 精装,东四块玉南街4号院 ,2002,7,左安门,1420,91708.0
东城, 东 西 , 2室1厅 , 82.54, 简装,民安小区东直门内北小街 ,2003,16,东直门,770,93289.0
东城, 南 , 2室2厅 , 93.9, 简装,望陶园小区 ,2001,18,永定门,710,75613.0
东城, 北 , 2室1厅 , 82.89, 精装,左安漪园 ,2004,15,左安门,670,80831.0
东城, 西北 , 2室1厅 , 81.38, 简装,华龙美晟 ,2009,12,永定门,610,74957.0
东城, 东北 , 2室1厅 , 85.04, 精装,保利蔷薇 ,2008,16,广渠门,900,105833.0
东城, 东 西 , 3室2厅 , 132.1, 精装,本家润园一期 ,2005,6,东花市,1390,105224.0
东城, 东 西 , 2室1厅 , 54.38, 简装,工体北里 ,1984,6,工体,523,96176.0
东城, 南 北 , 2室1厅 , 74.23, 简装,兴隆都市馨园 ,2003,7,崇文门,760,102385.0
东城, 西 , 2室1厅 , 101.96, 其他,恒基中心 ,1997,23,建国门外,760,74540.0
东城, 东 南 西 北 , 2室1厅 , 76.76, 精装,北竹杆胡同 ,2003,6,朝阳门内,760,99010.0
东城, 南 西 北 , 3室1厅 , 80.54, 精装,外交部街 ,1990,6,建国门内,880,109263.0
东城, 东 , 2室1厅 , 91.28, 其他,天娇园 ,2008,11,东花市,950,104076.0
东城, 南 , 2室1厅 , 67.59, 精装,景泰东里 ,1994,6,蒲黄榆,499,73828.0
东城, 南 , 1室1厅 , 43.78, 简装,华龙美晟 ,2009,12,永定门,440,100503.0
东城, 东 西 , 2室1厅 , 67.98, 简装,李村 ,1995,6,永定门,513,75464.0
东城, 南 北 , 3室1厅 , 130.59, 精装,东花市北里中区 ,1991,6,东花市,1130,86531.0
东城, 南 北 , 3室2厅 , 134.24, 简装,民安小区东直门内北小街 ,2003,16,东直门,1299,96767.0
东城, 南 北 , 2室1厅 , 68.28, 精装,北竹杆胡同 ,2003,6,朝阳门内,715,104716.0
东城, 南 , 1室1厅 , 39.86, 简装,安外花园 ,1986,5,和平里,450,112896.0
东城, 北 , 1室1厅 , 37.3, 精装,新永外文化用品商城 ,2007,15,永定门,338,90617.0
东城, 南 , 2室2厅 , 90.15, 精装,中海紫御公馆 ,2010,19,陶然亭,908,100722.0
东城, 东北 , 3室2厅 , 145.34, 精装,阳光都市 ,2000,24,工体,1288,88620.0
东城, 南 北 , 3室1厅 , 84.49, 精装,长青园 ,1995,6,左安门,670,79300.0
东城, 北 南 , 3室1厅 , 67.87, 简装,永定门东街西里 ,1974,6,天坛,530,78091.0
东城, 南 , 2室0厅 , 44.46, 精装,豆角胡同 ,1984,5,地安门,635,142826.0
东城, 南 , 2室1厅 , 55.4, 精装,东华门大街 ,1988,6,东单,680,122744.0
东城, 南 北 , 3室1厅 , 80.54, 简装,外交部街 ,1990,6,建国门内,800,99330.0
东城, 东 西 , 2室1厅 , 71.59, 简装,安外大街 ,1994,16,安贞,710,99176.0
东城, 南 北 , 2室1厅 , 60.55, 简装,福禄巷 ,1987,6,灯市口,650,107350.0
东城, 东南 北 , 4室2厅 , 176.97, 精装,花市枣苑一期 ,2002,18,东花市,1857,104934.0
东城, 东 西 , 2室1厅 , 70.66, 精装,青年湖南街 ,1996,14,安定门,900,127371.0
东城, 南 北 , 4室2厅 , 151.77, 其他,东花市北里中区 ,1990,5,东花市,1270,83680.0
东城, 西南 , 1室1厅 , 109.46, 精装,太华公寓 ,2000,18,崇文门,749,68427.0
东城, 南 北 , 2室1厅 , 114.51, 精装,京城仁合 ,2004,16,广渠门,1030,89949.0
东城, 东北 , 3室1厅 , 80.7, 其他,前门东大街 ,1990,16,崇文门,780,96655.0
东城, 东 , 3室1厅 , 115.96, 简装,新景家园西区 ,2001,11,崇文门,1130,97448.0
东城, 南 北 , 2室1厅 , 80.74, 简装,新景家园西区 ,2004,16,崇文门,820,101561.0
东城, 南 北 , 4室1厅 , 169.15, 精装,前门前 ,2000,6,天坛,1980,117056.0
东城, 南 北 , 2室1厅 , 54.83, 精装,中剪子巷 ,1982,5,交道口,700,127668.0
东城, 南 北 , 2室1厅 , 81.5, 精装,法华南里 ,1995,6,崇文门,750,92025.0
东城, 南 北 , 3室1厅 , 74.95, 简装,香河园北里 ,1986,6,东直门,750,100067.0
东城, 南 北 , 4室1厅 , 124.92, 精装,烧酒胡同3号院 ,1998,6,朝阳门内,1800,144093.0
东城, 南 , 1室0厅 , 35.09, 精装,兴隆都市馨园 ,2004,7,崇文门,405,115418.0
东城, 东 西 , 3室1厅 , 76.92, 简装,忠实里 ,1980,14,广渠门,655,85154.0
东城, 东 西 , 3室1厅 , 73.58, 精装,定安里 ,1978,6,永定门,510,69313.0
东城, 南 北 , 2室1厅 , 83.38, 简装,新景家园东区 ,2005,16,崇文门,880,105541.0
东城, 南 北 , 2室1厅 , 52.8, 简装,龙潭西里 ,1980,5,左安门,522,98864.0
东城, 东 , 4室2厅 , 78.8, 精装,禾风仕家 ,2000,10,金宝街,1600,203046.0
东城, 南 , 2室2厅 , 91.85, 精装,中海紫御公馆 ,2010,22,陶然亭,999,108765.0
东城, 东 西 , 2室1厅 , 98.23, 简装,新奥洋房 ,2006,11,永定门,728,74112.0
东城, 南 北 , 3室1厅 , 158.35, 精装,东城逸墅 ,2009,7,工体,1650,104200.0
东城, 南 北 , 3室1厅 , 73.29, 精装,和平里七区 ,1987,6,和平里,800,109156.0
东城, 东 北 , 2室1厅 , 127.31, 精装,万国城MOMA ,2002,25,东直门,1399,109890.0
东城, 南 北 , 5室2厅 , 140.78, 精装,金鱼池中区 ,2002,5,天坛,920,65351.0
东城, 东南 , 2室1厅 , 80.58, 精装,和平里二区 ,2006,20,和平里,815,101142.0
东城, 南 , 3室2厅 , 169.16, 精装,鸿运花园 ,1996,6,左安门,1490,88083.0
东城, 东南 , 2室1厅 , 72.15, 精装,新鲜胡同 ,1990,5,朝阳门内,823,114068.0
东城, 北 南 , 2室1厅 , 50.49, 精装,龙潭西里 ,1980,6,左安门,498,98634.0
东城, 东 西 , 3室1厅 , 85.62, 精装,什锦花园胡同22号院 ,1989,6,东四,895,104532.0
东城, 南 , 2室1厅 , 51.15, 精装,幸福北里 ,1985,6,广渠门,495,96775.0
东城, 东 , 2室1厅 , 104.79, 精装,水上华城 ,2006,23,广渠门,1050,100201.0
东城, 西南 , 2室2厅 , 103.76, 其他,金世纪嘉园 ,2003,18,广渠门,835,80475.0
东城, 东 , 1室1厅 , 107.02, 精装,冠城名敦道 ,2009,23,广渠门,690,64474.0
东城, 南 北 , 3室2厅 , 135.98, 其他,培新街乙5号院 ,1999,16,广渠门,1350,99280.0
东城, 东北 , 3室1厅 , 108.16, 简装,永铁苑 ,2000,22,陶然亭,705,65182.0
东城, 南 北 , 2室1厅 , 60.45, 简装,桃园南街10号院 ,1981,6,永定门,480,79405.0
东城, 东北 , 2室1厅 , 83.64, 简装,培新街乙5号院 ,1999,17,广渠门,880,105213.0
东城, 西南 , 2室1厅 , 102.06, 简装,天天家园 ,2002,11,永定门,715,70057.0
东城, 南 , 1室1厅 , 46.07, 简装,安德路47号院 ,1994,6,安定门,510,110702.0
东城, 南 , 1室1厅 , 44.87, 精装,和平里六区 ,1993,18,和平里,550,122577.0
东城, 南 北 , 3室1厅 , 70.58, 简装,景泰西里 ,1981,6,永定门,460,65175.0
东城, 东 西 , 2室1厅 , 73.98, 精装,民安小区东羊管胡同 ,2002,14,东直门,760,102731.0
东城, 西南 , 2室1厅 , 84.88, 简装,冠城名敦道 ,2009,23,广渠门,570,67154.0
东城, 南 , 1室1厅 , 58.3, 精装,冠城名敦道 ,2009,23,广渠门,430,73757.0
东城, 南 , 2室1厅 , 58.85, 简装,东四西大街 ,1988,6,灯市口,635,107902.0
东城, 北 , 1室1厅 , 78.8, 精装,本家润园一期 ,2006,13,东花市,798,101270.0
东城, 东 西 , 2室1厅 , 59.33, 精装,安德路47号院 ,1995,6,安定门,530,89331.0
东城, 南 北 , 3室1厅 , 105.27, 精装,崇文门东大街 ,1986,17,崇文门,920,87395.0
东城, 南 北 , 2室1厅 , 58.61, 简装,新中西街 ,1990,7,朝阳门外,580,98960.0
东城, 南 , 1室1厅 , 74.62, 其他,海晟名苑北区 ,2007,22,工体,720,96489.0
东城, 南 , 1室1厅 , 41.18, 简装,美术馆后街 ,1989,13,东四,540,131132.0
东城, 东北 , 2室2厅 , 132.19, 精装,国瑞城西区 ,2009,16,崇文门,1250,94561.0
东城, 南 , 2室1厅 , 71.04, 其他,豆瓣胡同 ,2003,10,朝阳门内,968,136262.0
东城, 东 , 2室1厅 , 55.74, 其他,和平里东街15号院 ,1992,12,和平里,578,103696.0
东城, 南 北 , 3室1厅 , 55.99, 精装,龙潭北里一条 ,1960,5,左安门,540,96446.0
东城, 东 , 2室1厅 , 173.25, 精装,长安太和 ,2012,24,建国门内,2600,150073.0
东城, 南 北 , 3室1厅 , 98.55, 其他,民安小区东直门内北小街 ,2003,14,东直门,1130,114663.0
东城, 南 北 , 2室1厅 , 50.9, 精装,和平里九区 ,1990,6,和平里,550,108056.0
东城, 南 , 2室1厅 , 50.09, 其他,和平里九区 ,1990,6,和平里,550,109803.0
东城, 南 北 , 2室1厅 , 75.16, 精装,东花市北里东区 ,1991,5,东花市,830,110432.0
东城, 东 , 1室1厅 , 41.28, 精装,白桥大街 ,1980,6,东花市,415,100533.0
东城, 东 , 2室1厅 , 89.49, 精装,金桥国际 ,2004,27,广渠门,820,91631.0
东城, 东 西 北 , 3室2厅 , 145.4, 精装,本家润园一期 ,2006,13,东花市,1630,112105.0
东城, 北 , 2室1厅 , 83.34, 简装,左安漪园 ,2004,15,左安门,710,85194.0
东城, 南 北 , 2室1厅 , 130.04, 精装,新怡家园 ,2004,13,崇文门,1720,132267.0
东城, 南 北 , 2室1厅 , 63.93, 精装,广渠门内大街 ,1980,13,广渠门,600,93853.0
东城, 南 北 , 3室2厅 , 113.32, 简装,西革新里108号院 ,1996,6,永定门,736,64949.0
东城, 北 , 1室1厅 , 57.01, 精装,保利蔷薇 ,2007,16,广渠门,625,109630.0
东城, 东北 , 3室2厅 , 200.13, 简装,华普花园 ,2001,22,东直门,1580,78949.0
东城, 东 北 , 2室1厅 , 98.21, 其他,绿景苑 ,2002,18,广渠门,920,93677.0
东城, 东 南 , 4室1厅 , 258.61, 精装,国瑞城西区 ,2009,16,崇文门,2490,96284.0
东城, 东北 , 1室1厅 , 67.79, 简装,左安浦园 ,2004,16,左安门,528,77888.0
东城, 东 西 , 2室1厅 , 56.83, 简装,工体北里 ,1984,6,工体,530,93261.0
东城, 东 西 , 3室2厅 , 196.89, 精装,水上华城 ,2004,20,广渠门,1750,88883.0
东城, 南 , 1室1厅 , 61.59, 精装,富贵园四区 ,2006,10,东花市,720,116903.0
东城, 南 北 , 2室1厅 , 72.71, 精装,新景家园西区 ,2004,15,崇文门,800,110027.0
东城, 南 北 , 3室2厅 , 176.79, 精装,鸿运花园 ,1996,6,左安门,1680,95028.0
东城, 西 北 , 2室1厅 , 58.38, 精装,胡家园小区 ,1985,6,东直门,499,85475.0
东城, 南 北 , 2室1厅 , 86.74, 精装,前门前 ,2009,6,天坛,950,109523.0
东城, 西南 , 1室1厅 , 67.95, 精装,左安漪园 ,2004,17,左安门,560,82414.0
东城, 南 北 , 2室1厅 , 60.59, 精装,和平里七区 ,1988,6,和平里,628,103648.0
东城, 西 , 1室1厅 , 58.7, 简装,悠胜美苑 ,2003,20,永定门,439,74788.0
东城, 南 , 2室1厅 , 53.84, 简装,美术馆后街 ,1988,5,东四,620,115157.0
东城, 东 西 , 3室1厅 , 92.68, 精装,小黄庄一区 ,1990,21,安贞,986,106388.0
东城, 南 北 , 2室1厅 , 68.83, 简装,香饵胡同 ,2002,6,交道口,860,124946.0
东城, 东南 , 4室1厅 , 193.74, 简装,中景濠庭 ,2001,22,安定门,1950,100651.0
东城, 南 , 2室1厅 , 50.31, 简装,南水关 ,1975,5,广渠门,460,91434.0
东城, 东南 , 3室2厅 , 240.31, 精装,万国城MOMA ,2006,24,东直门,2580,107362.0
东城, 东 , 3室1厅 , 147.21, 精装,海晟名苑南区 ,2006,12,工体,1580,107330.0
东城, 南 , 2室1厅 , 50.77, 简装,东四六条 ,1988,6,东四,600,118181.0
东城, 南 北 , 3室1厅 , 59.61, 精装,十字坡西里 ,1983,6,东直门,638,107030.0
东城, 南 , 2室1厅 , 63.71, 精装,东直门外大街(东城） ,1990,16,东直门,595,93392.0
东城, 西北 , 1室1厅 , 78.52, 其他,中海紫御公馆 ,2010,22,陶然亭,830,105706.0
东城, 南 , 1室1厅 , 59.68, 精装,新景家园东区 ,2004,17,崇文门,640,107239.0
东城, 西北 , 2室1厅 , 119.58, 简装,富莱茵花园 ,2001,21,永定门,670,56030.0
东城, 南 , 1室1厅 , 61.38, 精装,富贵园三区 ,2002,12,东花市,670,109157.0
东城, 南 北 , 2室1厅 , 58.59, 毛坯,管村10号 ,1980,6,永定门,385,65711.0
东城, 东 , 2室1厅 , 104.79, 精装,水上华城 ,2006,23,广渠门,1160,110698.0
东城, 东北 , 2室2厅 , 81.9, 其他,安德里北街25号院 ,1988,17,安定门,850,103786.0
东城, 东 西 , 2室1厅 , 65.95, 其他,金鱼池中区 ,2002,5,天坛,375,56862.0
东城, 南 北 , 2室1厅 , 60.46, 精装,崇文门东大街 ,1980,14,崇文门,580,95932.0
东城, 东 西 , 2室1厅 , 67.2, 其他,金鱼池东区 ,2002,7,天坛,348,51786.0
东城, 南 北 , 3室1厅 , 61.29, 其他,桃园南街10号院 ,1983,6,永定门,520,84843.0
东城, 东 , 2室1厅 , 128.62, 精装,花市枣苑二期 ,2004,19,东花市,1080,83969.0
东城, 东 西 , 2室1厅 , 71.52, 其他,豆瓣胡同 ,2003,10,朝阳门内,880,123043.0
东城, 东 西 , 1室1厅 , 48.26, 简装,东直门北大街 ,1990,14,东直门,490,101534.0
东城, 北 , 2室1厅 , 62.79, 精装,左安溪园 ,2007,16,左安门,600,95557.0
东城, 南 北 , 3室2厅 , 170.34, 精装,雍和家园一期 ,2001,16,和平里,1500,88060.0
东城, 东 西南 , 2室1厅 , 71.66, 简装,培新街乙5号院 ,1999,16,广渠门,690,96289.0
东城, 北 , 2室1厅 , 89.28, 简装,绿景苑 ,2002,18,广渠门,825,92406.0
东城, 南 北 , 2室1厅 , 74.54, 精装,民安小区东直门内北小街 ,2003,16,东直门,768,103032.0
东城, 南 北 , 2室2厅 , 100.93, 精装,东河沿 ,1990,6,崇文门,1099,108888.0
东城, 南 北 , 3室1厅 , 70.83, 简装,十字坡东里 ,1986,6,工体,685,96711.0
东城, 南 北 , 3室1厅 , 55.55, 简装,化工大院 ,1988,6,和平里,570,102611.0
东城, 西南 , 2室1厅 , 71.67, 精装,国瑞城中区 ,2006,16,崇文门,680,94880.0
东城, 南 北 , 3室1厅 , 85.88, 精装,豆瓣胡同 ,2003,12,朝阳门内,1220,142059.0
东城, 西 , 1室0厅 , 45.86, 精装,万国城MOMA ,2004,27,东直门,550,119931.0
东城, 南 北 , 3室2厅 , 175.93, 简装,新世界家园 ,2001,10,崇文门,1988,113000.0
东城, 东南 , 2室1厅 , 56.27, 精装,沙子口路70号 ,1989,20,永定门,409,72686.0
东城, 南 北 , 2室1厅 , 71.75, 简装,东后河沿 ,1999,16,崇文门,780,108711.0
东城, 南 , 2室1厅 , 80.08, 精装,北京上舍 ,2008,15,广渠门,610,76174.0
东城, 东 西 , 2室1厅 , 72.67, 精装,金鱼池中区 ,2002,7,天坛,638,87795.0
东城, 南 北 , 3室1厅 , 173.67, 精装,冠城名敦道 ,2009,27,广渠门,1880,108252.0
东城, 南 西 北 , 3室1厅 , 86.57, 其他,阳照胡同 ,1990,6,建国门内,835,96454.0
东城, 西 , 1室0厅 , 93.27, 简装,冠城名敦道 ,2010,23,广渠门,516,55324.0
东城, 西 , 1室0厅 , 44.82, 精装,东方财富 ,2006,15,广渠门,455,101518.0
东城, 西 , 3室2厅 , 176.03, 简装,华普花园 ,2001,22,东直门,1300,73852.0
东城, 东 西 北 , 3室1厅 , 68.24, 简装,帽儿胡同45号院 ,1990,11,地安门,998,146249.0
东城, 东 , 1室1厅 , 47.72, 简装,东花市北里中区 ,1990,6,东花市,460,96396.0
东城, 南 北 , 3室1厅 , 70.12, 精装,交道口北二条35号院 ,1988,6,交道口,880,125500.0
东城, 南 , 3室1厅 , 157.58, 精装,海晟名苑南区 ,2004,22,工体,2100,133266.0
东城, 南 东北 , 3室2厅 , 146.06, 精装,花市枣苑一期 ,2002,18,东花市,1435,98248.0
东城, 南 , 2室1厅 , 86.2, 简装,西营房 ,2006,17,安定门,831,96404.0
东城, 南 , 1室1厅 , 60.72, 简装,景泰西里西区 ,2005,8,永定门,430,70817.0
东城, 南 北 , 3室1厅 , 75.73, 精装,安外西河沿 ,1987,6,安定门,650,85832.0
东城, 南 北 , 3室1厅 , 80.79, 简装,北河沿大街 ,1987,6,灯市口,920,113876.0
东城, 东 西 , 3室1厅 , 118.49, 简装,民安小区东直门内北小街 ,2003,16,东直门,1200,101275.0
东城, 西 , 2室1厅 , 91.13, 精装,朝阳门南小街 ,2004,11,朝阳门内,893,97992.0
东城, 南 , 2室1厅 , 48.96, 简装,工体北路 ,1988,16,工体,519,106005.0
东城, 南 北 , 2室1厅 , 57.73, 简装,长青园 ,1988,6,左安门,495,85744.0
东城, 西 , 3室1厅 , 171.03, 精装,聚龙花园 ,1996,14,工体,1370,80103.0
东城, 东 , 3室2厅 , 142.68, 精装,民安小区东直门内北小街 ,2003,16,东直门,1380,96720.0
东城, 东 西 , 2室1厅 , 68.23, 精装,安外大街 ,1994,16,安贞,680,99663.0
东城, 南 北 , 2室1厅 , 52.72, 简装,南岗子 ,1978,6,崇文门,470,89151.0
东城, 南 , 2室1厅 , 144.96, 精装,贡院九号 ,2000,18,建国门内,1350,93130.0
东城, 南 北 , 2室1厅 , 69.02, 简装,交道口东大街 ,2002,6,交道口,888,128659.0
东城, 东 南 , 3室1厅 , 85.08, 精装,春秀路 ,1998,6,工体,805,94617.0
东城, 南 , 1室1厅 , 47.84, 精装,海运仓小区 ,2002,7,东直门,590,123328.0
东城, 东 , 1室1厅 , 107.22, 简装,太华公寓 ,2000,18,崇文门,750,69950.0
东城, 西 , 2室1厅 , 71.65, 精装,华龙美晟 ,2009,12,永定门,550,76763.0
东城, 南 北 , 3室1厅 , 55.95, 简装,夕照寺西里 ,0,0,广渠门,560,100090.0
东城, 东南 , 2室1厅 , 59.08, 精装,兴化路11号院 ,1983,12,安贞,650,110021.0
东城, 南 , 2室1厅 , 52, 精装,绿景馨园 ,2004,6,广渠门,525,100962.0
东城, 东 西 , 3室2厅 , 126.36, 精装,朝阳门北小街 ,2003,6,朝阳门内,1350,106838.0
东城, 南 北 , 2室1厅 , 57.96, 简装,安乐林二条 ,1987,6,永定门,380,65563.0
东城, 东北 , 3室2厅 , 229.85, 精装,长安太和 ,2012,24,建国门内,3300,143572.0
东城, 南 北 , 3室1厅 , 222.07, 简装,贡院六号 ,2002,22,建国门内,1998,89972.0
东城, 东南 , 4室2厅 , 143.07, 精装,左安浦园 ,2004,16,左安门,1000,69896.0
东城, 南 , 1室1厅 , 60.3, 精装,景泰西里西区 ,2005,10,永定门,469,77778.0
东城, 南 西 北 , 3室3厅 , 303.61, 精装,万国城MOMA ,2005,26,东直门,3200,105399.0
东城, 南 西 北 , 3室2厅 , 166.48, 其他,国瑞城中区 ,2006,16,崇文门,1600,96108.0
东城, 南 , 2室2厅 , 85.81, 精装,万国城MOMA ,2002,26,东直门,1050,122364.0
东城, 南 , 1室1厅 , 60.57, 其他,东环居苑 ,2004,22,广渠门,570,94106.0
东城, 西南 , 1室1厅 , 50.36, 简装,西总布胡同 ,1997,6,建国门内,568,112788.0
东城, 南 , 1室1厅 , 63.45, 其他,东环居苑 ,2004,22,广渠门,510,80379.0
东城, 南 北 , 2室0厅 , 54.3, 简装,幸福北里 ,1965,3,广渠门,448,82505.0
东城, 南 , 1室1厅 , 36.66, 精装,安化北里 ,1980,5,广渠门,430,117295.0
东城, 西北 , 2室1厅 , 110.95, 简装,远洋德邑 ,2002,22,广渠门,950,85625.0
东城, 东 西 , 2室1厅 , 76.71, 简装,东花市北里中区 ,1990,6,东花市,620,80824.0
东城, 东南 , 1室1厅 , 40.57, 简装,和平里五区 ,1996,6,和平里,460,113385.0
东城, 西北 , 3室1厅 , 80.7, 简装,前门东大街 ,1990,16,崇文门,800,99133.0
东城, 东南 , 1室1厅 , 40.57, 简装,和平里五区 ,1996,6,和平里,480,118315.0
东城, 西 , 2室1厅 , 140.62, 简装,建国门北大街5号 ,2008,24,建国门内,730,51913.0
东城, 东南 , 2室1厅 , 59.94, 简装,春秀路 ,1992,21,工体,620,103437.0
东城, 南 , 1室1厅 , 72.71, 精装,海晟名苑北区 ,2007,17,工体,720,99024.0
东城, 东 西 , 2室1厅 , 62.4, 其他,长青园 ,1990,6,左安门,510,81731.0
东城, 东北 , 2室1厅 , 54.68, 其他,龙潭西里 ,1979,6,左安门,468,85589.0
东城, 南 北 , 2室2厅 , 120.47, 简装,天天家园 ,2003,11,永定门,888,73712.0
东城, 东 西 , 2室1厅 , 69.33, 简装,东四块玉北街 ,1994,6,左安门,499,71975.0
东城, 南 西 北 , 2室1厅 , 66.48, 简装,北新桥三条 ,1985,4,东直门,585,87997.0
东城, 西北 , 2室1厅 , 64.98, 精装,朝内大街203号院 ,1989,12,东四,730,112343.0
东城, 西北 , 1室1厅 , 61.7, 精装,冠城名敦道 ,2009,23,广渠门,530,85900.0
东城, 东 , 1室1厅 , 73.26, 精装,海晟名苑北区 ,2007,16,工体,710,96916.0
东城, 南 北 , 3室1厅 , 81.68, 精装,香饵胡同 ,2002,6,交道口,1120,137121.0
东城, 北 , 1室0厅 , 28.48, 精装,兴隆都市馨园 ,2004,7,崇文门,365,128161.0
东城, 南 , 1室1厅 , 60.03, 简装,东直门内大街 ,2003,14,东直门,620,103282.0
东城, 西北 , 3室2厅 , 153.21, 精装,天天家园 ,2002,11,永定门,1080,70492.0
东城, 东 , 2室2厅 , 156.82, 精装,建国门北大街5号 ,2008,24,建国门内,790,50377.0
东城, 南 北 , 3室2厅 , 252.63, 精装,万国城MOMA ,2005,26,东直门,2600,102918.0
东城, 南 北 , 3室2厅 , 163.81, 精装,新世界家园 ,2004,12,崇文门,2211,134974.0
东城, 东 南 西 , 4室1厅 , 118.65, 简装,煤渣胡同 ,1990,9,东单,1778,149853.0
东城, 南 北 , 2室1厅 , 70.83, 简装,绿景馨园 ,2004,6,广渠门,660,93181.0
东城, 南 北 , 2室1厅 , 92.78, 简装,和平里五区 ,2000,6,和平里,1000,107782.0
东城, 东 北 , 2室1厅 , 50.3, 简装,安外西河沿 ,1983,6,安定门,538,106959.0
东城, 西北 , 2室1厅 , 47.67, 毛坯,安外西河沿 ,1983,12,安定门,499,104678.0
东城, 南 北 , 2室1厅 , 68.42, 精装,南门仓胡同 ,2003,6,朝阳门内,950,138849.0
东城, 东 , 2室1厅 , 69.73, 精装,朝阳门南小街 ,2004,12,朝阳门内,790,113295.0
东城, 南 , 3室1厅 , 167.82, 精装,和平新城一期 ,2003,21,和平里,1600,95341.0
东城, 南 北 , 2室1厅 , 58.38, 精装,黄寺大街2号院 ,1990,6,安定门,660,113053.0
东城, 南 , 1室2厅 , 73.18, 其他,兴隆都市馨园 ,2003,7,崇文门,738,100848.0
东城, 南 , 1室0厅 , 49.55, 简装,左安浦园 ,2004,14,左安门,425,85772.0
东城, 东南 , 2室1厅 , 75.3, 其他,灯市口大街 ,1990,12,灯市口,1080,143427.0
东城, 东南 , 1室1厅 , 58.18, 其他,国瑞城东区 ,2006,16,崇文门,610,104848.0
东城, 南 , 2室1厅 , 46.89, 简装,朗家胡同24号院 ,1977,6,安定门,560,119429.0
东城, 南 北 , 3室1厅 , 84.09, 简装,安德路47号院 ,1990,6,安定门,800,95137.0
东城, 东 南 , 2室1厅 , 88.37, 精装,体育馆路13号 ,1950,6,崇文门,750,84871.0
东城, 南 北 , 3室1厅 , 75.4, 简装,新中西街 ,1990,7,朝阳门外,669,88727.0
东城, 东南 北 , 3室1厅 , 171.17, 精装,雍和家园一期 ,2001,16,和平里,1630,95227.0
东城, 东 西 , 2室1厅 , 74.62, 精装,和平里七区 ,1979,3,和平里,895,119942.0
东城, 南 北 , 4室2厅 , 195.82, 其他,天坛公馆 ,2003,6,崇文门,2690,137372.0
东城, 南 北 , 3室2厅 , 153.28, 精装,朝阳门内大街75号院 ,1990,6,朝阳门内,1490,97208.0
东城, 东北 , 2室1厅 , 115.64, 精装,万国城MOMA ,2002,26,东直门,1230,106365.0
东城, 东 西 , 2室1厅 , 55.25, 精装,金鱼池东区 ,1980,5,天坛,450,81448.0
东城, 西南 , 4室2厅 , 170.25, 精装,左安溪园 ,2007,16,左安门,1595,93686.0
东城, 西南 , 2室1厅 , 104.99, 精装,领行国际 ,2005,21,广渠门,820,78103.0
东城, 南 北 , 3室1厅 , 72.74, 简装,东花市北里中区 ,1994,6,东花市,725,99671.0
东城, 南 北 , 2室1厅 , 56.73, 简装,国祥胡同4号院 ,1988,5,安定门,645,113697.0
东城, 东 南 , 3室2厅 , 228, 简装,太华公寓 ,2000,18,崇文门,1300,57018.0
东城, 南 北 , 2室2厅 , 112.46, 其他,东花市北里中区 ,1994,6,东花市,1050,93367.0
东城, 南 北 , 4室2厅 , 228.33, 精装,本家润园一期 ,2006,13,东花市,2739,119958.0
东城, 南 北 , 2室1厅 , 76.42, 精装,大方家胡同 ,2003,16,朝阳门内,796,104162.0
东城, 南 北 , 3室2厅 , 138.13, 简装,东花市北里中区 ,1994,6,东花市,1100,79636.0
东城, 南 北 , 4室1厅 , 205.12, 精装,新世界家园 ,2001,7,崇文门,2700,131631.0
东城, 东南 , 3室2厅 , 182.66, 精装,国瑞城西区 ,2009,16,崇文门,1800,98544.0
东城, 南 北 , 4室2厅 , 228.22, 简装,新世界家园 ,2001,7,崇文门,2780,121813.0
东城, 东 南 西 北 , 3室2厅 , 202.06, 精装,东后河沿 ,1999,16,崇文门,1680,83144.0
东城, 南 北 , 5室3厅 , 229.68, 精装,华冠丽景 ,2003,8,东直门,3200,139325.0
东城, 南 北 , 3室2厅 , 157.91, 精装,国瑞城东区 ,2006,16,崇文门,1590,100691.0
东城, 南 北 , 3室1厅 , 87.51, 简装,安贞苑50号院 ,1996,6,安贞,900,102846.0
东城, 南 北 , 2室1厅 , 61.26, 其他,夕照寺中街 ,1991,7,广渠门,570,93047.0
东城, 南 北 , 3室1厅 , 106.11, 精装,和平里五区 ,2000,6,和平里,1180,111206.0
东城, 南 , 2室2厅 , 91.86, 精装,中海紫御公馆 ,2010,22,陶然亭,990,107773.0
东城, 南 北 , 3室1厅 , 94.9, 其他,交道口东大街 ,2002,11,交道口,1050,110643.0
东城, 南 北 , 1室1厅 , 58.18, 精装,东中街 ,1995,6,东直门,598,102785.0
东城, 南 北 , 2室1厅 , 64.89, 毛坯,东直门内大街 ,2003,12,东直门,778,119896.0
东城, 东南 , 1室1厅 , 52.76, 简装,青年湖东里 ,1988,18,安定门,520,98560.0
东城, 南 , 2室1厅 , 52.69, 其他,永定门东街东里 ,1976,6,天坛,447,84836.0
东城, 南 北 , 2室1厅 , 76.06, 精装,赵堂子胡同 ,2003,12,建国门内,850,111754.0
东城, 东 西 , 2室1厅 , 65.18, 其他,法华南里 ,1991,6,崇文门,595,91286.0
东城, 南 , 1室1厅 , 71.61, 精装,交道口东大街 ,2003,11,交道口,916,127916.0
东城, 西 , 2室1厅 , 79.38, 其他,景泰西里西区 ,2005,11,永定门,550,69287.0
东城, 东 北 , 2室1厅 , 55.65, 简装,东营房九条 ,1998,6,朝阳门外,490,88051.0
东城, 东 , 2室1厅 , 76.95, 简装,火桥北里 ,1992,9,左安门,568,73815.0
东城, 东 , 2室1厅 , 156.82, 其他,建国门北大街5号 ,2008,24,建国门内,818,52162.0
东城, 南 , 1室1厅 , 46.34, 精装,赵堂子胡同 ,1990,6,建国门内,485,104662.0
东城, 西南 , 2室1厅 , 64.8, 精装,东直门内大街 ,2003,16,东直门,780,120371.0
东城, 南 北 , 3室1厅 , 113.05, 其他,化工大院 ,1970,4,和平里,1200,106148.0
东城, 南 北 , 3室1厅 , 68.34, 简装,史家胡同 ,1980,5,金宝街,895,130963.0
东城, 西 , 1室1厅 , 53.24, 精装,本家润园三期 ,2005,18,东花市,540,101428.0
东城, 南 , 1室1厅 , 58.46, 其他,新景家园西区 ,2004,17,崇文门,618,105714.0
东城, 南 北 , 1室1厅 , 67.98, 精装,东花市北里中区 ,1994,6,东花市,680,100030.0
东城, 南 北 , 2室1厅 , 66.8, 精装,光明楼 ,1980,4,广渠门,560,83833.0
东城, 南 , 1室1厅 , 55.85, 精装,富贵园二区 ,2003,18,东花市,605,108326.0
东城, 南 , 2室1厅 , 55.82, 简装,崇文门东大街 ,1980,12,崇文门,565,101219.0
东城, 东 西 , 3室1厅 , 103.94, 简装,赵堂子胡同 ,2003,12,建国门内,1030,99096.0
东城, 西北 , 1室1厅 , 63.02, 精装,富贵园一区 ,2003,10,东花市,780,123771.0
东城, 南 北 , 3室1厅 , 90.4, 其他,竹杆胡同 ,2003,6,朝阳门内,1000,110620.0
东城, 南 北 , 3室1厅 , 159.9, 其他,东城逸墅 ,2009,7,工体,1570,98187.0
东城, 西 , 2室1厅 , 88.7, 精装,安化南里 ,2007,16,广渠门,765,86246.0
东城, 南 北 , 2室2厅 , 90.01, 精装,中海紫御公馆 ,2010,23,陶然亭,1080,119987.0
东城, 北 南 , 2室1厅 , 58.79, 其他,管村10号 ,1980,6,永定门,410,69740.0
东城, 西 , 1室1厅 , 48.07, 其他,新鲜胡同 ,1990,5,朝阳门内,588,122322.0
东城, 东 西 , 1室1厅 , 74.03, 精装,交道口东大街 ,2003,10,交道口,950,128327.0
东城, 西南 , 1室1厅 , 62.69, 精装,新景家园东区 ,2005,18,崇文门,725,115649.0
东城, 南 北 , 2室1厅 , 53.98, 精装,西堂子胡同 ,1988,6,灯市口,620,114858.0
东城, 西北 , 1室1厅 , 46.84, 精装,法华南里 ,1994,6,崇文门,435,92870.0
东城, 南 北 , 3室1厅 , 76.68, 简装,小羊宜宾胡同 ,1992,16,建国门内,860,112155.0
东城, 南 , 1室1厅 , 46.62, 精装,青年湖东里 ,1988,18,安定门,550,117976.0
东城, 西南 , 2室1厅 , 97.64, 简装,远洋德邑 ,2002,22,广渠门,850,87055.0
东城, 西南 , 2室1厅 , 88.96, 精装,望陶园小区 ,2001,18,永定门,645,72505.0
东城, 东 , 2室1厅 , 76.95, 精装,火桥北里 ,1992,9,左安门,608,79013.0
东城, 西南 , 3室1厅 , 147.53, 简装,左安溪园 ,2007,16,左安门,1460,98963.0
东城, 南 , 2室1厅 , 67.6, 简装,和平里六区 ,1993,18,和平里,680,100592.0
东城, 南 北 , 2室1厅 , 57.55, 简装,炮局头条 ,1991,6,东直门,620,107733.0
东城, 西 , 1室1厅 , 70.26, 精装,花市枣苑一期 ,2002,18,东花市,750,106747.0
东城, 南 北 , 3室1厅 , 68.86, 精装,交林 ,1980,5,和平里,760,110369.0
东城, 东 , 2室1厅 , 75.76, 简装,国瑞城中区 ,2006,16,崇文门,770,101637.0
东城, 南 北 , 2室1厅 , 82.64, 精装,桃杨路北里12号院 ,1999,6,永定门,630,76235.0
东城, 西南 , 2室1厅 , 50.09, 简装,东厂北巷3号院 ,1988,6,灯市口,620,123778.0
东城, 南 , 1室1厅 , 60.69, 精装,海运仓小区 ,2003,9,东直门,665,109574.0
东城, 西北 , 2室1厅 , 82.45, 简装,朝阳门南小街 ,2004,16,朝阳门内,885,107338.0
东城, 南 , 1室1厅 , 54.96, 简装,上龙西里 ,1993,18,安定门,560,101893.0
东城, 北 , 1室0厅 , 47.7, 精装,新奥洋房 ,2006,11,永定门,439,92034.0
东城, 南 , 2室1厅 , 63.59, 简装,天坛路 ,1991,5,天坛,515,80988.0
东城, 北 , 2室1厅 , 172.82, 精装,长安太和 ,2012,24,建国门内,1990,115149.0
东城, 东 西 , 2室2厅 , 90.38, 简装,东直门内北小街16号 ,2003,10,东直门,830,91835.0
东城, 南 北 , 3室2厅 , 251.13, 精装,国瑞城西区 ,2009,16,崇文门,2380,94772.0
东城, 南 北 , 3室1厅 , 85, 精装,朝阳门南小街 ,2004,16,朝阳门内,1150,135295.0
东城, 南 , 2室1厅 , 63.72, 精装,南水关 ,1989,14,广渠门,580,91024.0
东城, 南 北 , 2室1厅 , 65.82, 精装,安贞苑50号院 ,1996,6,安贞,600,91158.0
东城, 西南 , 3室2厅 , 160.56, 精装,恒基中心 ,1997,23,建国门外,1000,62283.0
东城, 南 北 , 2室1厅 , 53.32, 精装,朗家胡同24号院 ,1977,6,安定门,580,108778.0
东城, 东 南 北 , 3室1厅 , 100.86, 精装,东花市北里东区 ,1992,6,东花市,958,94984.0
东城, 东 南 西 , 5室1厅 , 76.75, 精装,绿景馨园 ,2004,6,广渠门,790,102932.0
东城, 东 西 北 , 5室1厅 , 225.92, 简装,上龙嘉园 ,1999,10,安定门,2078,91980.0
东城, 东 西北 , 3室1厅 , 110.8, 简装,朝阳门内大街75号院 ,1990,5,朝阳门内,1100,99278.0
东城, 东南 , 2室2厅 , 124.69, 精装,朝阳首府 ,2009,11,朝阳门内,1250,100249.0
东城, 南 北 , 2室1厅 , 61.55, 其他,长青园 ,1992,6,左安门,580,94233.0
东城, 南 北 , 2室1厅 , 71.88, 简装,竹杆胡同 ,2003,6,朝阳门内,790,109906.0
东城, 东北 , 1室2厅 , 61.66, 精装,中海紫御公馆 ,2010,22,陶然亭,635,102985.0
东城, 东南 , 3室1厅 , 81.21, 毛坯,胡家园小区 ,1992,20,东直门,780,96048.0
东城, 南 , 3室1厅 , 71.1, 其他,幸福南里 ,1965,3,广渠门,549,77216.0
东城, 西南 , 3室2厅 , 132.33, 精装,金世纪嘉园 ,2003,18,广渠门,1100,83126.0
东城, 南 北 , 3室1厅 , 72.41, 精装,大羊宜宾胡同35号院 ,1988,6,建国门内,769,106201.0
东城, 南 , 2室1厅 , 100.86, 其他,新怡家园 ,2006,13,崇文门,1490,147730.0
东城, 南 北 , 2室2厅 , 127.08, 精装,华冠丽景 ,2003,8,东直门,1650,129840.0
东城, 南 北 , 2室1厅 , 56.34, 简装,龙潭北里二条 ,1960,5,左安门,540,95847.0
东城, 东 南 , 4室1厅 , 157.51, 简装,东四块玉南街 ,1998,6,左安门,1110,70472.0
东城, 东 西 , 3室2厅 , 124.27, 简装,京城仁合 ,2004,16,广渠门,1070,86103.0
东城, 南 北 , 4室2厅 , 148.58, 简装,法华南里 ,1996,5,崇文门,1200,80765.0
东城, 西北 , 1室1厅 , 73.28, 简装,雅安国际公寓 ,2005,19,建国门内,630,85972.0
东城, 西 , 1室0厅 , 31.2, 简装,新景家园东区 ,2008,15,崇文门,430,137821.0
东城, 东南 , 2室1厅 , 71.45, 简装,东直门内大街 ,2003,16,东直门,835,116865.0
东城, 东 西 , 2室1厅 , 64.84, 其他,法华南里 ,1991,6,崇文门,563,86830.0
东城, 南 , 1室0厅 , 19.8, 简装,东四十条 ,1990,1,东四,325,164142.0
东城, 东南 , 1室1厅 , 40.51, 简装,新中西街 ,1990,7,朝阳门外,390,96273.0
东城, 东 , 1室1厅 , 38.27, 精装,青年湖东里 ,1980,5,安定门,430,112360.0
东城, 南 , 1室1厅 , 43.55, 精装,安定门东大街 ,1985,6,东直门,520,119403.0
东城, 北 , 1室1厅 , 61.27, 其他,新怡家园 ,2006,15,崇文门,837,136609.0
东城, 南 北 , 3室1厅 , 80.64, 简装,甘雨胡同 ,1958,4,灯市口,815,101067.0
东城, 南 , 1室1厅 , 73.26, 精装,海晟名苑北区 ,2007,22,工体,730,99646.0
东城, 南 北 , 2室1厅 , 60.3, 简装,东华门大街 ,1988,6,东单,755,125208.0
东城, 东 , 1室1厅 , 94.39, 精装,铂晶豪庭 ,2011,11,工体,950,100647.0
东城, 西 , 1室0厅 , 56.05, 简装,新世界中心 ,1995,16,崇文门,364,64943.0
东城, 东 西 , 2室1厅 , 49.98, 精装,东交民巷32号院 ,1979,13,前门,599,119848.0
东城, 南 , 2室1厅 , 60.76, 精装,青年湖北里 ,1999,18,安定门,629,103523.0
东城, 南 , 1室1厅 , 64.32, 精装,鼎盛园 ,2005,11,永定门,492,76493.0
东城, 东北 , 2室1厅 , 91.06, 精装,西革新里112号院 ,2001,19,永定门,600,65891.0
东城, 南 西 北 , 3室1厅 , 93.23, 其他,交道口东大街 ,2003,12,交道口,1000,107262.0
东城, 南 , 1室1厅 , 72.71, 精装,海晟名苑北区 ,2007,17,工体,760,104525.0
东城, 东 , 1室1厅 , 83.34, 简装,东方银座 ,2003,27,东直门,700,83994.0
东城, 南 , 1室1厅 , 51.27, 简装,小黄庄一区 ,1993,12,安贞,560,109226.0
东城, 西 , 1室0厅 , 64.79, 精装,太华公寓 ,2000,18,崇文门,530,81803.0
东城, 南 , 2室1厅 , 85.86, 简装,大方家胡同 ,2003,9,朝阳门内,975,113557.0
东城, 南 , 1室1厅 , 56.23, 精装,东环居苑 ,2004,22,广渠门,533,94790.0
东城, 西 , 2室1厅 , 63.75, 简装,本家润园三期 ,2005,18,东花市,590,92550.0
东城, 西 , 2室1厅 , 79.35, 简装,景泰西里西区 ,2005,11,永定门,545,68684.0
东城, 南 北 , 3室1厅 , 59.39, 简装,定安里 ,1980,6,永定门,430,72403.0
东城, 西 , 2室1厅 , 76.38, 简装,和平里东街9号院 ,2002,16,和平里,840,109977.0
东城, 东 , 2室1厅 , 85.07, 简装,西营房 ,2006,19,安定门,820,96392.0
东城, 北 , 1室1厅 , 60.51, 精装,金桥国际 ,2004,27,广渠门,512,84615.0
东城, 东 , 1室0厅 , 64.72, 精装,冠城名敦道 ,2009,23,广渠门,475,73394.0
东城, 西南 , 2室1厅 , 89.26, 精装,西营房 ,2006,19,安定门,950,106431.0
东城, 东南 , 1室1厅 , 38.45, 精装,胡家园小区 ,1992,20,东直门,398,103512.0
东城, 南 , 1室0厅 , 57.13, 简装,水上华城 ,2008,24,广渠门,620,108525.0
东城, 西 , 2室1厅 , 75.43, 精装,安定门东大街 ,1998,17,东直门,780,103408.0
东城, 南 北 , 2室1厅 , 47.55, 其他,复康南里 ,1999,5,天坛,450,94638.0
东城, 东 , 1室1厅 , 39.72, 其他,后永康胡同2号院4号院 ,1994,6,东直门,469,118077.0
东城, 西 , 1室1厅 , 48.72, 其他,东花市北里中区 ,1994,6,东花市,450,92365.0
东城, 南 北 , 2室1厅 , 58.31, 其他,和平里三区 ,1996,6,和平里,643,110273.0
东城, 东 南 , 2室1厅 , 70.43, 简装,香饵胡同 ,2002,6,交道口,900,127787.0
东城, 东 西 , 2室1厅 , 59.1, 简装,西革新里108号院 ,1995,7,永定门,410,69374.0
东城, 南 , 1室1厅 , 76.76, 其他,新裕家园 ,2004,17,崇文门,898,116989.0
东城, 南 北 , 3室2厅 , 242.43, 精装,万国城MOMA ,2006,26,东直门,2349,96894.0
东城, 南 西 北 , 3室1厅 , 79.13, 简装,礼士胡同甲66号院 ,1980,5,金宝街,941,118919.0
东城, 西南 北 , 4室2厅 , 305.37, 其他,金世纪嘉园 ,2003,21,广渠门,1500,49121.0
东城, 西北 , 2室1厅 , 149.27, 简装,雅安国际公寓 ,2005,19,建国门内,1099,73625.0
东城, 南 北 , 2室0厅 , 51.14, 简装,板厂南里 ,1970,5,广渠门,490,95816.0
东城, 南 北 , 4室3厅 , 263.12, 精装,法华南里 ,1996,6,崇文门,2180,82852.0
东城, 南 北 , 3室1厅 , 70.25, 简装,东公街64号院 ,1985,6,地安门,810,115303.0
东城, 南 北 , 2室1厅 , 42.05, 简装,南弓匠营胡同 ,2003,5,朝阳门内,620,147444.0
东城, 南 北 , 2室1厅 , 56.48, 精装,西革新里108号院 ,1985,6,永定门,389,68874.0
东城, 东 , 2室1厅 , 99.82, 精装,万国城MOMA ,2006,31,东直门,1020,102184.0
东城, 南 , 2室2厅 , 121.99, 精装,花市枣苑一期 ,2002,18,东花市,1280,104927.0
东城, 南 北 , 2室1厅 , 58.98, 精装,东花市大街2号院 ,1986,6,东花市,538,91218.0
东城, 南 北 , 2室2厅 , 91.44, 精装,中海紫御公馆 ,2010,22,陶然亭,1150,125766.0
东城, 南 西 北 , 2室1厅 , 119.04, 精装,天坛公馆 ,2003,6,崇文门,1500,126009.0
东城, 西南 , 2室1厅 , 60.83, 其他,安外东河沿 ,1994,20,安定门,710,116719.0
东城, 南 北 , 3室3厅 , 139.04, 简装,东花市北里中区 ,1994,6,东花市,1150,82711.0
东城, 南 北 , 2室1厅 , 92.34, 精装,新景家园西区 ,2004,17,崇文门,923,99957.0
东城, 东 西 , 2室1厅 , 66.85, 精装,春秀路 ,1998,6,工体,648,96934.0
东城, 南 , 1室1厅 , 42.97, 简装,西总布胡同55号院 ,1990,6,建国门内,490,114034.0
东城, 北 , 2室1厅 , 63.83, 精装,禾风仕家 ,2004,10,金宝街,750,117500.0
东城, 南 , 3室2厅 , 127.42, 其他,远洋德邑 ,2002,22,广渠门,980,76912.0
东城, 西 , 1室1厅 , 64.13, 简装,水上华城 ,2005,23,广渠门,685,106815.0
东城, 东 西 , 3室1厅 , 71.77, 简装,永定门东街西里 ,1974,6,天坛,540,75241.0
东城, 东 西 , 2室1厅 , 61.7, 简装,东四北大街 ,1992,12,东四,623,100973.0
东城, 东 西 , 2室1厅 , 52.61, 精装,台基厂头条14号院 ,1980,6,前门,598,113667.0
东城, 南 北 , 2室1厅 , 123.44, 其他,领行国际 ,2005,21,广渠门,976,79067.0
东城, 南 , 2室1厅 , 61.45, 精装,美术馆后街 ,1989,13,东四,737,119935.0
东城, 东北 , 1室2厅 , 84, 精装,中海紫御公馆 ,2010,23,陶然亭,880,104762.0
东城, 南 北 , 3室2厅 , 164.18, 其他,新世界家园 ,2004,12,崇文门,2150,130954.0
东城, 南 北 , 3室1厅 , 78.64, 其他,双玉中街43号院 ,1996,6,左安门,869,110504.0
东城, 东 西 , 3室1厅 , 79.4, 精装,察慈小区 ,1992,12,东直门,730,91940.0
东城, 南 , 1室0厅 , 24.26, 精装,兴隆都市馨园 ,2004,7,崇文门,430,177247.0
东城, 南 北 , 2室1厅 , 57.55, 简装,炮局头条 ,1991,6,东直门,595,103389.0
东城, 东南 , 1室1厅 , 71.08, 精装,海晟名苑北区 ,2007,22,工体,780,109736.0
东城, 南 , 2室1厅 , 100.86, 精装,新怡家园 ,2006,13,崇文门,1350,133849.0
东城, 东北 , 2室1厅 , 81.76, 简装,朝阳门南小街 ,2004,14,朝阳门内,980,119864.0
东城, 南 北 , 2室2厅 , 188.59, 简装,聚龙花园 ,1996,8,工体,1250,66282.0
东城, 东北 , 2室1厅 , 119.58, 简装,富莱茵花园 ,2001,21,永定门,900,75264.0
东城, 南 , 2室1厅 , 52.22, 精装,绿景馨园 ,2004,6,广渠门,530,101494.0
东城, 南 , 2室1厅 , 90.08, 精装,中海紫御公馆 ,2010,23,陶然亭,1000,111013.0
东城, 西 , 2室1厅 , 141.24, 精装,龙潭北里三条 ,2000,9,左安门,1265,89564.0
东城, 东南 , 2室1厅 , 58.46, 简装,革新南路2号院 ,1980,21,永定门,480,82108.0
东城, 西南 , 2室1厅 , 113.42, 精装,雍和家园一期 ,2001,16,和平里,1380,121672.0
东城, 南 北 , 2室1厅 , 68.42, 简装,南门仓胡同 ,2003,6,朝阳门内,850,124233.0
东城, 西南 , 1室0厅 , 55.04, 精装,花市枣苑二期 ,2004,19,东花市,570,103562.0
东城, 南 北 , 2室1厅 , 60.68, 简装,柏林寺西 ,1994,6,和平里,660,108768.0
东城, 北 , 1室1厅 , 66.1, 精装,国瑞城中区 ,2006,16,崇文门,610,92285.0
东城, 东 , 1室1厅 , 107.02, 精装,冠城名敦道 ,2009,23,广渠门,700,65409.0
东城, 西北 , 1室1厅 , 65.8, 简装,城市亮点 ,2003,12,永定门,550,83587.0
东城, 东 , 1室1厅 , 59.62, 简装,宝华家园 ,2000,24,永定门,450,75479.0
东城, 南 北 , 2室1厅 , 67.84, 精装,东直门南大街 ,1990,18,东直门,618,91097.0
东城, 西 , 2室1厅 , 93.08, 简装,西革新里112号院 ,2001,19,永定门,650,69833.0
东城, 南 北 , 2室1厅 , 57.74, 简装,民旺园 ,1985,5,和平里,620,107378.0
东城, 西 , 2室1厅 , 82.38, 简装,国瑞城中区 ,2006,16,崇文门,820,99539.0
东城, 东 , 2室1厅 , 93.1, 精装,新景家园西区 ,2001,12,崇文门,1050,112782.0
东城, 东南 , 2室1厅 , 95.27, 精装,和平里二区 ,2012,16,和平里,1108,116302.0
东城, 南 北 , 1室1厅 , 69.42, 精装,和平里东街9号院 ,2000,12,和平里,816,117546.0
东城, 东 , 2室1厅 , 105.74, 简装,领行国际 ,2005,21,广渠门,780,73766.0
东城, 北 , 1室1厅 , 48.94, 精装,本家润园三期 ,2005,18,东花市,485,99101.0
东城, 西 北 , 3室1厅 , 93.28, 简装,交道口东大街 ,2003,12,交道口,1100,117925.0
东城, 东 西 北 , 2室1厅 , 68.81, 精装,东中街 ,1988,14,东直门,700,101730.0
东城, 东 西 , 2室1厅 , 90.38, 精装,东直门内北小街16号 ,2003,10,东直门,830,91835.0
东城, 东 南 北 , 4室2厅 , 373.34, 精装,左安漪园 ,2004,17,左安门,3350,89731.0
东城, 东 南 西 , 3室1厅 , 79.88, 简装,革新南路2号院 ,1980,21,永定门,545,68228.0
东城, 东 西 , 2室1厅 , 59.16, 简装,南水关 ,1995,6,广渠门,530,89588.0
东城, 东 , 3室2厅 , 160.56, 其他,恒基中心 ,1997,23,建国门外,1020,63528.0
东城, 东 西 , 2室1厅 , 80.85, 简装,朝阳门北小街 ,2003,6,朝阳门内,880,108844.0
东城, 南 北 , 3室1厅 , 105.14, 精装,民旺园十九号院 ,2000,7,和平里,1100,104623.0
东城, 南 北 , 3室1厅 , 69.77, 简装,安外西河沿 ,1983,6,安定门,660,94597.0
东城, 东北 , 2室2厅 , 115.64, 简装,万国城MOMA ,2002,26,东直门,1390,120201.0
东城, 南 北 , 4室2厅 , 190.34, 简装,胜古中路1号院 ,1998,14,安贞,1300,68299.0
东城, 南 北 , 3室2厅 , 169.73, 其他,东花市北里西区 ,1996,6,东花市,1420,83663.0
东城, 南 北 , 2室1厅 , 69.78, 简装,芳嘉园胡同 ,2003,6,朝阳门内,820,117513.0
东城, 西 , 2室1厅 , 116.43, 精装,万国城MOMA ,2004,27,东直门,1250,107361.0
东城, 西 , 1室1厅 , 57.78, 简装,东方银座 ,2003,25,东直门,510,88266.0
东城, 东 , 2室1厅 , 95.14, 精装,保利蔷薇 ,2007,16,广渠门,920,96700.0
东城, 南 北 , 3室1厅 , 111.01, 精装,华龙美晟 ,2009,12,永定门,795,71616.0
东城, 南 北 , 3室1厅 , 84.85, 精装,体育馆路13号 ,1950,6,崇文门,710,83678.0
东城, 南 北 , 3室1厅 , 91.26, 简装,西水井胡同 ,2003,16,朝阳门内,889,97414.0
东城, 东南 , 3室1厅 , 86.98, 精装,青年湖北街 ,1997,18,安定门,1000,114969.0
东城, 南 北 , 3室1厅 , 118.5, 其他,幸福家园一期 ,2002,14,广渠门,1380,116456.0
东城, 东 西 北 , 3室1厅 , 57.39, 精装,六铺炕 ,1980,6,安定门,600,104548.0
东城, 东 西 , 3室1厅 , 93.16, 其他,东水井胡同 ,2005,15,朝阳门内,865,92852.0
东城, 东 西 , 2室1厅 , 65.45, 精装,东四北大街 ,1992,12,东四,700,106952.0
东城, 南 北 东 , 3室1厅 , 65.43, 简装,朝阳门内大街 ,1991,6,朝阳门内,635,97051.0
东城, 南 北 , 3室1厅 , 92.49, 其他,交道口东大街 ,2002,8,交道口,1150,124338.0
东城, 东南 , 3室1厅 , 69.34, 精装,国瑞城中区 ,2006,16,崇文门,688,99222.0
东城, 东南 , 3室2厅 , 149.37, 精装,京禧阁 ,2013,22,广渠门,1269,84957.0
东城, 南 , 2室1厅 , 51.01, 简装,民主北街22号院 ,1970,5,永定门,450,88218.0
东城, 西 , 1室1厅 , 46.92, 简装,煤渣胡同 ,1990,9,东单,650,138534.0
东城, 北 , 1室0厅 , 40.77, 精装,保利蔷薇 ,2008,16,广渠门,455,111602.0
东城, 西南 , 1室1厅 , 77.34, 简装,冠城名敦道 ,2009,23,广渠门,600,77580.0
东城, 南 北 , 3室1厅 , 72.81, 简装,青年湖东里 ,1986,6,安定门,725,99575.0
东城, 东 南 , 2室1厅 , 68.6, 简装,富贵园三区 ,2002,16,东花市,660,96210.0
东城, 北 , 1室1厅 , 64.68, 精装,北京上舍 ,2008,15,广渠门,600,92765.0
东城, 南 北 , 1室1厅 , 60.31, 精装,豆瓣胡同 ,2003,10,朝阳门内,745,123529.0
东城, 北 , 1室1厅 , 81.62, 其他,水上华城 ,2005,23,广渠门,900,110268.0
东城, 东 西 , 2室1厅 , 77.97, 简装,民安小区东直门北中街 ,2002,13,东直门,720,92344.0
东城, 南 北 , 2室1厅 , 35.67, 简装,苏州胡同 ,1976,5,建国门外,398,111579.0
东城, 南 , 1室1厅 , 44.29, 简装,东直门外大街(东城） ,1992,16,东直门,445,100475.0
东城, 东 西 , 2室1厅 , 77.66, 简装,仓南胡同 ,2003,7,朝阳门内,820,105589.0
东城, 南 北 , 2室1厅 , 78.27, 简装,民安小区东直门北中街 ,2002,11,东直门,760,97100.0
东城, 东南 , 2室1厅 , 87.32, 简装,三秀涵雅 ,2000,18,安定门,790,90472.0
东城, 南 北 , 2室1厅 , 57.5, 简装,北官厅胡同甲二号院 ,1993,6,东直门,630,109566.0
东城, 东 西 , 1室1厅 , 76.84, 简装,东直门内北小街16号 ,2003,10,东直门,800,104113.0
东城, 南 北 , 2室1厅 , 79.59, 简装,民旺园十九号院 ,2000,7,和平里,750,94233.0
东城, 东南 北 , 4室3厅 , 483.13, 精装,中轴国际 ,2008,21,安定门,4500,93143.0
东城, 东 西 , 2室1厅 , 63.07, 精装,民旺园 ,1996,9,和平里,668,105915.0
东城, 东 , 1室0厅 , 68.27, 精装,金世纪嘉园 ,2006,21,广渠门,575,84225.0
东城, 东 , 1室1厅 , 36.41, 简装,光明西里 ,1970,5,广渠门,387,106290.0
东城, 东南 北 , 1室1厅 , 64.84, 简装,金世纪嘉园 ,2004,21,广渠门,560,86367.0
东城, 南 北 , 1室1厅 , 55.5, 简装,长青园 ,1995,6,左安门,458,82523.0
东城, 东 西 , 2室1厅 , 60.3, 简装,东华门大街 ,1988,6,东单,740,122720.0
东城, 南 , 1室1厅 , 47.87, 简装,海运仓小区 ,2003,7,东直门,603,125967.0
东城, 南 北 , 2室1厅 , 59.53, 简装,东革新里40号院 ,1985,6,永定门,420,70553.0
东城, 南 北 , 2室1厅 , 56.63, 简装,青年湖北里 ,1988,6,安定门,550,97122.0
东城, 西南 , 2室1厅 , 89.26, 简装,西营房 ,2006,19,安定门,910,101950.0
东城, 南 北 , 2室1厅 , 97.37, 精装,保利蔷薇 ,2007,16,广渠门,1100,112972.0
东城, 西 , 2室1厅 , 67.89, 精装,东直门内大街 ,2003,16,东直门,780,114892.0
东城, 南 , 1室0厅 , 69.35, 简装,新怡家园 ,2006,15,崇文门,1050,151406.0
东城, 南 , 1室1厅 , 41.3, 精装,大羊宜宾胡同35号院 ,1988,6,建国门内,495,119855.0
东城, 东 , 2室1厅 , 96.24, 简装,华龙美晟 ,2009,12,永定门,800,83126.0
东城, 南 北 , 1室1厅 , 49.51, 其他,小黄庄二区 ,1994,6,安贞,550,111089.0
东城, 南 , 1室1厅 , 41.73, 精装,安德路59号 ,1988,6,安定门,518,124132.0
东城, 南 北 , 2室1厅 , 69.82, 其他,朝阳门南小街 ,2004,16,朝阳门内,780,111716.0
东城, 西 , 1室0厅 , 22.13, 其他,光明楼 ,1960,4,广渠门,320,144601.0
东城, 东南 , 2室1厅 , 70.36, 精装,培新街乙5号院 ,1999,17,广渠门,728,103468.0
东城, 南 北 , 2室1厅 , 76.42, 精装,大方家胡同 ,2003,16,朝阳门内,795,104031.0
东城, 南 北 , 4室2厅 , 190.94, 简装,新怡家园 ,2004,11,崇文门,2800,146643.0
东城, 西 , 2室1厅 , 87.66, 精装,朝阳首府 ,2009,15,朝阳门内,900,102670.0
东城, 南 北 , 2室1厅 , 74.98, 精装,朝阳门南小街 ,2003,11,朝阳门内,848,113097.0
东城, 东 西南 北 , 3室1厅 , 63.09, 简装,交道口北二条35号院 ,1988,6,交道口,770,122048.0
东城, 南 北 , 2室2厅 , 144.42, 精装,冠城名敦道 ,2009,27,广渠门,1400,96940.0
东城, 西 , 2室1厅 , 76.56, 简装,华龙美晟 ,2009,12,永定门,550,71840.0
东城, 西 , 2室1厅 , 67.89, 精装,东直门内大街 ,2003,16,东直门,695,102372.0
东城, 东 南 , 2室1厅 , 62.37, 精装,地兴居 ,1997,6,安定门,650,104217.0
东城, 西南 , 3室2厅 , 158.28, 简装,雍和家园一期 ,2003,16,和平里,1549,97865.0
东城, 东 , 1室1厅 , 68.34, 简装,新奥洋房 ,2006,11,永定门,450,65848.0
东城, 西北 , 2室1厅 , 105.36, 精装,国瑞城西区 ,2009,16,崇文门,1020,96811.0
东城, 东南 , 2室1厅 , 76.62, 其他,新景家园东区 ,2005,17,崇文门,870,113548.0
东城, 北 , 1室1厅 , 53.52, 其他,交道口东大街 ,2003,11,交道口,715,133595.0
东城, 南 北 , 4室2厅 , 111.22, 精装,金鱼池西区 ,2002,7,天坛,818,73548.0
东城, 东 , 2室1厅 , 81.59, 精装,富贵园二区 ,2003,18,东花市,635,77829.0
东城, 南 , 1室1厅 , 125.88, 精装,当代MOMA ,2006,3,东直门,1320,104862.0
东城, 东南 , 3室2厅 , 157.17, 精装,万国城MOMA ,2002,26,东直门,1650,104982.0
东城, 南 北 , 2室2厅 , 147.18, 精装,鸿运花园 ,1996,6,左安门,1230,83572.0
东城, 南 北 , 2室1厅 , 93.09, 简装,西革新里108号院 ,1997,6,永定门,620,66603.0
东城, 东 , 2室1厅 , 67.93, 简装,东直门内大街 ,2003,16,东直门,680,100104.0
东城, 南 , 1室1厅 , 55.12, 简装,北竹杆胡同 ,2003,6,朝阳门内,610,110668.0
东城, 南 北 , 3室1厅 , 80.71, 简装,海运仓小区 ,2003,7,东直门,968.6,120001.0
东城, 东 , 1室1厅 , 36.7, 简装,安德路47号院 ,1990,6,安定门,414,112807.0
东城, 东南 , 2室1厅 , 80.58, 其他,和平里二区 ,2006,20,和平里,810,100522.0
东城, 南 北 , 3室1厅 , 74.37, 简装,兴化西里 ,1976,5,和平里,690,92780.0
东城, 东南 , 2室1厅 , 49.65, 简装,夕照寺西里 ,1979,6,广渠门,485,97684.0
东城, 南 西 , 2室2厅 , 143.71, 精装,国瑞城西区 ,2009,16,崇文门,1150,80023.0
东城, 西南 , 3室2厅 , 160.56, 其他,恒基中心 ,1997,23,建国门外,990,61660.0
东城, 东南 , 1室1厅 , 62.62, 精装,本家润园一期 ,2006,13,东花市,695,110987.0
东城, 东南 , 2室2厅 , 90.16, 精装,和平里二区 ,2006,21,和平里,925,102596.0
东城, 东 南 北 , 2室1厅 , 62.17, 精装,芳嘉园胡同 ,2003,6,朝阳门内,705,113399.0
东城, 东北 , 2室1厅 , 69.03, 精装,美术馆后街 ,1988,13,东四,720,104303.0
东城, 南 北 , 2室1厅 , 58.5, 简装,和平里三区 ,1996,6,和平里,650,111112.0
东城, 东 西 , 3室1厅 , 73.66, 简装,东直门北大街 ,1987,12,东直门,621,84307.0
东城, 南 北 , 3室1厅 , 68.79, 精装,定安里 ,1980,6,永定门,470,68324.0
东城, 南 , 1室1厅 , 72.88, 其他,幸福家园二期 ,2003,13,广渠门,850,116631.0
东城, 东北 , 2室1厅 , 87.95, 精装,和平里二区 ,2006,21,和平里,930,105742.0
东城, 南 西 , 1室1厅 , 64.44, 精装,悠胜美苑 ,2011,12,永定门,500,77592.0
东城, 南 , 1室0厅 , 53.98, 其他,左安浦园 ,2004,16,左安门,460,85217.0
东城, 东 , 2室1厅 , 100.82, 简装,天天家园 ,2002,11,永定门,700,69431.0
东城, 东 西 , 2室1厅 , 56.01, 其他,民安小区东直门北中街 ,1988,6,东直门,610,108910.0
东城, 南 , 1室1厅 , 47.63, 简装,南竹杆胡同 ,2003,6,朝阳门内,590,123872.0
东城, 南 北 , 2室1厅 , 56.37, 其他,十字坡东里 ,1986,5,工体,560,99344.0
东城, 南 北 , 2室1厅 , 58.51, 精装,柏树胡同 ,1988,6,灯市口,710,121347.0
东城, 北 , 2室1厅 , 91.53, 其他,禾风仕家 ,2000,10,金宝街,880,96144.0
东城, 南 , 1室1厅 , 40.5, 精装,崇文门东大街 ,1980,14,崇文门,423,104445.0
东城, 西 , 1室0厅 , 63.73, 精装,冠城名敦道 ,2009,23,广渠门,485,76103.0
东城, 西北 , 1室1厅 , 63.79, 简装,金桥国际 ,2004,27,广渠门,569.5,89278.0
东城, 西 , 1室0厅 , 46.25, 精装,海晟名苑北区 ,2007,17,工体,520,112433.0
东城, 东 , 2室1厅 , 75.09, 简装,民安小区东直门内北小街 ,2003,14,东直门,668,88960.0
东城, 东 西 , 2室1厅 , 62.61, 简装,东厂胡同 ,1987,5,灯市口,690,110207.0
东城, 南 , 2室1厅 , 51.41, 精装,灯市口大街27号院 ,1986,5,灯市口,630,122545.0
东城, 西 北 , 3室1厅 , 76.74, 其他,东四十条甲100号院 ,1990,16,东四,760,99036.0
东城, 西北 , 2室1厅 , 65.6, 精装,幸福家园二期 ,2003,13,广渠门,720,109757.0
东城, 南 北 , 4室1厅 , 142.7, 精装,和平里六区 ,2000,14,和平里,1749,122565.0
东城, 东 西 , 2室1厅 , 64.33, 简装,海运仓小区 ,2002,9,东直门,690,107260.0
东城, 东 西 , 2室1厅 , 58.4, 简装,新中西街 ,1990,7,朝阳门外,540,92466.0
东城, 南 北 , 2室1厅 , 74.75, 简装,交道口东大街 ,2003,11,交道口,965,129097.0
东城, 南 , 2室1厅 , 63.82, 简装,新中西里 ,1985,5,东直门,645,101066.0
东城, 东 西 , 2室1厅 , 62.79, 精装,李村 ,1980,6,永定门,470,74853.0
东城, 南 北 , 2室1厅 , 54.04, 简装,朝阳门内大街甲190号院 ,1985,6,金宝街,535,99001.0
东城, 西南 , 2室1厅 , 66.22, 简装,春秀路 ,1999,21,工体,718,108427.0
东城, 南 北 , 2室1厅 , 58.81, 简装,光明楼 ,1964,4,广渠门,545,92672.0
东城, 南 北 , 2室1厅 , 57.96, 精装,安乐林二条 ,1987,6,永定门,396,68323.0
东城, 西 , 2室1厅 , 147.6, 简装,东方银座 ,2003,27,东直门,990,67074.0
东城, 西南 , 3室1厅 , 90.21, 精装,国瑞城中区 ,2006,16,崇文门,950,105310.0
东城, 东 南 西 , 2室1厅 , 55.74, 简装,察慈小区 ,1992,12,东直门,530,95085.0
东城, 南 , 1室1厅 , 52.72, 简装,兴隆都市馨园 ,2003,7,崇文门,540,102428.0
东城, 西 , 2室1厅 , 80.13, 精装,华龙美晟 ,2009,12,永定门,579,72258.0
东城, 东 西 , 2室1厅 , 73.44, 简装,东四北大街 ,1992,12,东四,689,93819.0
东城, 南 西 北 , 3室1厅 , 57.05, 精装,景泰西里 ,1981,6,永定门,470,82384.0
东城, 西 , 2室1厅 , 63.09, 简装,本家润园三期 ,2005,18,东花市,555,87970.0
东城, 东南 , 3室1厅 , 100.16, 精装,安德里北街25号院 ,1990,17,安定门,998,99641.0
东城, 南 , 1室1厅 , 58.45, 精装,新景家园西区 ,2004,16,崇文门,619,105903.0
东城, 南 北 , 3室1厅 , 83.54, 精装,绿景馨园 ,2004,6,广渠门,870,104142.0
东城, 东 南 北 , 3室2厅 , 146.97, 精装,华冠丽景 ,2003,8,东直门,2080,141526.0
东城, 南 北 , 3室2厅 , 145.1, 精装,国瑞城中区 ,2006,16,崇文门,1750,120607.0
东城, 东北 , 3室1厅 , 82.2, 其他,忠实里 ,1980,14,广渠门,680,82726.0
东城, 南 北 , 3室2厅 , 157.42, 其他,国瑞城中区 ,2006,16,崇文门,1700,107992.0
东城, 南 北 , 2室1厅 , 61.26, 精装,夕照寺中街 ,1991,7,广渠门,550,89782.0
东城, 东 , 2室2厅 , 132.32, 简装,和平新城一期 ,2003,21,和平里,1290,97491.0
东城, 南 北 , 2室1厅 , 109.79, 其他,幸福家园一期 ,2002,18,广渠门,1160,105657.0
东城, 南 , 1室1厅 , 36.81, 精装,板桥胡同 ,1986,6,东四,435,118175.0
东城, 南 北 , 3室0厅 , 55.32, 简装,龙潭北里一条 ,1960,5,左安门,520,93999.0
东城, 南 , 2室1厅 , 55.8, 简装,崇文门东大街 ,1980,14,崇文门,570,102151.0
东城, 南 北 , 2室1厅 , 53.95, 其他,复康南里 ,1980,6,天坛,560,103800.0
东城, 东北 , 1室1厅 , 42.61, 简装,后永康胡同2号院4号院 ,1994,6,东直门,458,107487.0
东城, 南 , 1室0厅 , 59.11, 精装,万国城MOMA ,2004,27,东直门,720,121807.0
东城, 西 , 1室1厅 , 47.56, 精装,法华南里 ,1994,6,崇文门,446,93777.0
东城, 南 北 , 2室1厅 , 108.44, 简装,左安漪园 ,2004,10,左安门,1000,92217.0
东城, 东南 , 2室1厅 , 73.04, 简装,仓夹道 ,2003,23,东直门,770,105422.0
东城, 东北 , 1室1厅 , 72.91, 精装,天天家园 ,2002,11,永定门,510,69950.0
东城, 南 北 , 2室1厅 , 58.99, 简装,外交部街 ,1990,6,建国门内,550,93237.0
东城, 南 , 1室1厅 , 36, 简装,定安里 ,1980,6,永定门,270,75000.0
东城, 南 , 1室0厅 , 64.74, 精装,建国门北大街5号 ,2008,24,建国门内,470,72599.0
东城, 南 北 , 3室1厅 , 87.13, 精装,兴隆都市馨园 ,2003,7,崇文门,888,101917.0
东城, 东北 , 3室2厅 , 267.21, 精装,当代MOMA ,2006,21,东直门,2399,89780.0
东城, 南 北 , 2室1厅 , 129.41, 精装,冠城名敦道 ,2009,17,广渠门,1350,104320.0
东城, 东北 , 2室1厅 , 105.86, 精装,太华公寓 ,2000,18,崇文门,800,75572.0
东城, 南 北 , 3室1厅 , 71.79, 简装,新中西街 ,1990,7,朝阳门外,495,68952.0
东城, 南 北 , 2室1厅 , 49.67, 其他,六铺炕 ,1975,6,安定门,600,120798.0
东城, 东 , 1室0厅 , 47.08, 精装,海晟名苑北区 ,2007,17,工体,450,95582.0
东城, 东南 , 3室2厅 , 119.17, 简装,永铁苑 ,2000,22,陶然亭,880,73845.0
东城, 西北 , 3室2厅 , 200.13, 简装,华普花园 ,2001,22,东直门,1500,74952.0
东城, 南 , 2室1厅 , 93.9, 精装,望陶园小区 ,2001,18,永定门,700,74548.0
东城, 西 , 2室1厅 , 98.99, 精装,花市枣苑三期 ,2005,17,东花市,1080,109102.0
东城, 南 北 , 2室1厅 , 74.54, 其他,民安小区东直门内北小街 ,2003,16,东直门,760,101959.0
东城, 南 北 , 3室1厅 , 159.89, 精装,贡院九号 ,2000,18,建国门内,1440,90062.0
东城, 北 , 2室2厅 , 147.59, 简装,东方银座 ,2003,26,东直门,1180,79952.0
东城, 东 , 1室1厅 , 117.2, 简装,京宝花园 ,1994,12,安定门,821,70052.0
东城, 西 , 3室1厅 , 75.32, 简装,和平里七区 ,1982,5,和平里,725,96256.0
东城, 东 西 , 3室1厅 , 129.82, 其他,胡家园26号院 ,2000,6,东直门,1170,90125.0
东城, 南 北 , 2室1厅 , 65.47, 简装,广渠门内大街 ,1987,14,广渠门,590,90118.0
东城, 西南 , 2室1厅 , 89.8, 精装,和平里二区 ,2006,21,和平里,910,101337.0
东城, 东 西 , 3室1厅 , 71.01, 其他,东罗圈胡同11号院 ,1988,6,金宝街,898,126462.0
东城, 南 北 , 3室1厅 , 96.98, 简装,南竹杆胡同 ,2003,16,朝阳门内,940,96928.0
东城, 东 西 , 2室1厅 , 51.05, 简装,信用北里 ,1984,5,崇文门,485,95005.0
东城, 西南 , 3室1厅 , 201.42, 精装,阳光都市 ,2000,24,工体,1750,86884.0
东城, 东南 , 3室1厅 , 81.54, 其他,建国门北大街 ,1988,17,建国门内,860,105470.0
东城, 东 西 , 2室1厅 , 91.79, 简装,官书院 ,2000,6,安定门,650,70814.0
东城, 南 北 , 3室1厅 , 92.3, 简装,天坛路 ,1991,5,天坛,760,82341.0
东城, 西 , 4室1厅 , 103.2, 精装,悠胜美苑 ,2003,20,永定门,800,77520.0
东城, 东 西 , 2室1厅 , 65.73, 精装,东花市北里西区 ,1995,6,东花市,530,80633.0
东城, 西南 , 3室1厅 , 148.39, 精装,天天家园 ,2002,11,永定门,1080,72782.0
东城, 南 北 , 3室2厅 , 144.75, 精装,华冠丽景 ,2003,8,东直门,1870,129189.0
东城, 南 北 , 2室2厅 , 95.24, 精装,东花市北里中区 ,1990,6,东花市,860,90299.0
东城, 东 西 , 1室1厅 , 65.5, 精装,新景家园东区 ,2008,15,崇文门,730,111451.0
东城, 东南 , 2室1厅 , 58.24, 其他,法华南里 ,1993,6,崇文门,550,94437.0
东城, 西 , 3室1厅 , 231.44, 简装,雍和家园二期 ,2005,6,和平里,1760,76046.0
东城, 南 北 , 3室2厅 , 125.3, 其他,京香福苑 ,2002,10,地安门,1500,119713.0
东城, 南 北 , 2室1厅 , 60.29, 简装,西革新里110号院 ,1992,6,永定门,410,68005.0
东城, 南 西 北 , 3室1厅 , 100.88, 其他,交道口东大街 ,2003,12,交道口,1380,136797.0
东城, 南 北 , 1室1厅 , 56.33, 精装,龙潭西里 ,2000,6,左安门,530,94089.0
东城, 南 , 2室1厅 , 65.61, 精装,交道口东大街 ,2002,10,交道口,860,131078.0
东城, 南 北 , 3室1厅 , 173.67, 精装,冠城名敦道 ,2009,27,广渠门,1730,99615.0
东城, 南 北 , 2室1厅 , 56.8, 简装,富莱茵花园 ,1990,6,永定门,279,49120.0
东城, 南 西 北 , 2室1厅 , 59.43, 其他,光明楼 ,1991,6,广渠门,580,97594.0
东城, 南 北 , 2室1厅 , 64.31, 其他,北官厅胡同 ,1993,6,东直门,760,118178.0
东城, 南 北 , 2室1厅 , 55.52, 其他,西总布胡同55号院 ,1990,6,建国门内,582,104828.0
东城, 南 北 , 2室1厅 , 60.34, 精装,北官厅胡同 ,1988,5,东直门,600,99437.0
东城, 西南 , 2室1厅 , 80.57, 精装,和平里二区 ,2006,20,和平里,800,99293.0
东城, 西南 , 1室1厅 , 48.92, 简装,永康胡同1号院 ,2002,7,安定门,680,139003.0
东城, 西 , 1室1厅 , 73.55, 简装,国瑞城西区 ,2009,16,崇文门,772,104963.0
东城, 南 , 1室1厅 , 59.33, 其他,新景家园东区 ,2004,17,崇文门,635,107029.0
东城, 东 , 1室1厅 , 63.6, 其他,东环居苑 ,2004,22,广渠门,618,97170.0
东城, 南 北 , 2室1厅 , 57.55, 简装,大羊宜宾胡同33号院 ,1992,6,建国门内,630,109471.0
东城, 西 , 1室1厅 , 63.29, 简装,和平新城一期 ,2003,19,和平里,645,101912.0
东城, 东 西 , 2室1厅 , 67.36, 其他,永康胡同1号院 ,2002,7,安定门,780,115796.0
东城, 东 西 , 2室1厅 , 62.97, 其他,海运仓小区 ,2002,5,东直门,720,114341.0
东城, 东 西 , 2室1厅 , 58.53, 简装,新中西街 ,1990,7,朝阳门外,540,92261.0
东城, 北 , 1室1厅 , 36.31, 简装,西营房 ,2006,17,安定门,450,123933.0
东城, 东 西 , 2室1厅 , 77.08, 简装,民安小区东直门内北小街 ,2003,16,东直门,635,82382.0
东城, 北 , 1室1厅 , 37.3, 简装,新永外文化用品商城 ,2007,15,永定门,320,85791.0
东城, 东 , 1室0厅 , 44.82, 简装,东方财富 ,2006,15,广渠门,455,101518.0
东城, 西南 , 1室1厅 , 77.34, 精装,冠城名敦道 ,2009,23,广渠门,660,85338.0
东城, 南 , 1室1厅 , 46.23, 精装,绿景苑 ,2002,12,广渠门,500,108155.0
东城, 东南 , 1室1厅 , 40.98, 其他,和平里五区 ,1996,6,和平里,494,120547.0
东城, 西 , 1室0厅 , 37.27, 其他,水上华城 ,2008,24,广渠门,485,130132.0
东城, 东 西 , 2室1厅 , 64.2, 精装,青年湖东里 ,1992,6,安定门,600,93458.0
东城, 东北 , 1室0厅 , 37.09, 简装,西营房 ,2006,17,安定门,455,122675.0
东城, 东 , 1室0厅 , 28.12, 简装,兴隆都市馨园 ,2004,7,崇文门,365,129801.0
东城, 西 , 1室1厅 , 67.94, 精装,左安浦园 ,2004,18,左安门,550,80954.0
东城, 东南 , 2室1厅 , 81.44, 简装,安化南里 ,2007,16,广渠门,750,92093.0
东城, 东 , 2室1厅 , 67.91, 简装,朝阳门内大街 ,1988,5,朝阳门内,620,91298.0
东城, 东北 , 2室1厅 , 63.71, 精装,中海紫御公馆 ,2010,23,陶然亭,650,102025.0
东城, 西 , 1室1厅 , 55.22, 简装,新奥洋房 ,2006,11,永定门,490,88736.0
东城, 南 北 , 2室1厅 , 65.41, 精装,金鱼池西区 ,2003,7,天坛,348,53203.0
